Product Details,ASIN,Type,Lure Type,Size,URL,Image URL,Brand,Price  US$,ASIN Sales,ASIN Revenue,BSR,Ratings,Review Count,Images,Review velocity
"Raid Essentials Flying Insect Light Trap Starter Kit, 1 Plug-In Device + 1 Cartridge, Featuring Light Powered Attraction",B0BWK914GM,Electric Traps,,,https://www.amazon.com/dp/B0BWK914GM?psc=1,https://m.media-amazon.com/images/I/81OxVzU+ipL._AC_SY450_.jpg,Raid,15.89,430,"6,804.33","11,540",3.9,"5,951",10,"1,867"
Zevo Indoor Bug Trap Cartridge Replacements – Set of 3 Refills,B0GL43489S,Electric Traps,,,https://www.amazon.com/dp/B0GL43489S?psc=1,https://m.media-amazon.com/images/I/61nSJBJaj8L._AC_SX425_.jpg,ZEVO,9.99,694,"6,926.64",5,4.8,"36,067",1,39
"Safer Home Indoor Plug-in Fly Trap - SH502-1R5SR - Effective Fruit Fly Traps for Indoors, Gnat Traps for House Indoor, 400 Sq Ft Protection - Style: 1 Device + 5 Glue Cards",B0DK2FXQJL,Electric Traps,,,https://www.amazon.com/dp/B0DK2FXQJL?psc=1,https://m.media-amazon.com/images/I/71uDs8QQ9aL._AC_SX569_.jpg,Safer,16.32,489,"7,512.49","2,777",4.5,"1,727",9,47
Mosalogic Fruit Fly Traps for House Use Gnat Trap Flying Insect Trapper Plug-in Mosquito Killer Indoor Gnat Moth Catcher Fly Tapper with Night Light UV Attractant Catcher for Home Office White-1PACK,B09YXPRQWW,Electric Traps,,,https://www.amazon.com/dp/B09YXPRQWW?psc=1,https://m.media-amazon.com/images/I/61cX9mfnfzL._AC_SY355_.jpg,mosalogic,18.95,420,"7,952.88","7,272",3.8,"9,820",7,20
"Flying Insect Trap Plug in Mosquito Bug Zapper Indoor Gnat Moth Catcher with 9W Night UV Light, 10 Sticky Glue Board Refills for Home Office",B0CS321RXS,Electric Traps,,,https://www.amazon.com/dp/B0CS321RXS?psc=1,https://m.media-amazon.com/images/I/71kx7t-tYfL._AC_SX679_.jpg,BURLAN,25.29,442,"11,496.35","2,020",4.2,"3,438",8,34
"Katchy Indoor Fly Trap– Catcher & Killer for Mosquito, Fruit Fly, Gnat & Small Moth – Non-Zapper Trap with Fan Suction & Blue UV Light – Ideal for Indoor Spaces, Kitchen & Plants (Original, White)",B07M8VX4T9,Electric Traps,,,https://www.amazon.com/dp/B07M8VX4T9?psc=1,https://m.media-amazon.com/images/I/81ALQYCQGwL._AC_SX425_.jpg,KATCHY,34.99,354,"12,510.95","2,207",3.8,"114,168",8,52
"3 Pcs Fruit Fly Traps for Indoors (3 Device+20 Refills) Plug in Fly Trap for Gnats, Fruit Flies, Flying Insects Sleek Design Indoor Safe",B0FLTM5DJ6,Electric Traps,,,https://www.amazon.com/dp/B0FLTM5DJ6?psc=1,https://m.media-amazon.com/images/I/715AtOPOQdL._AC_SX569_.jpg,LFSYS,21.99,618,"13,578.12",305,4.3,"2,033",6,128
"Fly Trap Indoor, Fruit Fly Traps for Indoors Mosquito Trap Indoor Insect Trap with Suction, Time Setting, Bug Light & 10 Pcs Sticky Glue Boards (Pink)",B0F9P4VXH6,Electric Traps,,,https://www.amazon.com/dp/B0F9P4VXH6?psc=1,https://m.media-amazon.com/images/I/71qs6OyH+GL._AC_SY355_.jpg,FVOAI,35.99,416,"13,656.53",370,4.3,"3,154",7,107
"40 Packs Refill Card(Refills Only) for Plug in UV Light Fly Trap, Sticky Board Refills for LFSYS Plug-in Fly Trap",B0D7HCQQYC,Electric Traps,,,https://www.amazon.com/dp/B0D7HCQQYC?psc=1,https://m.media-amazon.com/images/I/71gmwCM8H-L._AC_SX425_.jpg,LFSYS,15.89,926,"14,677.60",305,4.3,"2,033",4,128
"Ortho Home Defense Max Indoor Flying Insect Trap, Light Trap for House Flies, Fruit Flies, and Gnats, 1 Plug-in and 4 Refills",B0FQ8HRFC1,Electric Traps,,,https://www.amazon.com/dp/B0FQ8HRFC1?psc=1,https://m.media-amazon.com/images/I/71MJzfydMVL._AC_SX466_.jpg,Ortho,20.21,852,"17,264.62",47,4.6,101,10,"30,490"
"Mosalogic Fruit Fly Traps for Indoors Gnat Trap for House Indoor-600 Sqft Protection Area UV Fly Insect Trapper for Fruit Flies, Gnat, Mosquito, and Other Flying Insect Plug in Bug Killer White",B0DLN8GNXH,Electric Traps,,,https://www.amazon.com/dp/B0DLN8GNXH?psc=1,https://m.media-amazon.com/images/I/71qRLmO32iL._AC_SX569_.jpg,mosalogic,14.95,"1,198","18,979.74",964,4.2,"3,161",8,41
"Flying Insect Trap for Indoors, Bug Killer Light Trap for Fruit Flies, Gnats, Moths, and Houseflies, 2 Devices + 8 Refills, Best Fly Traps for Home, Kitchen, Bedroom, Plant Area, Garages",B0DRJTL6S3,Electric Traps,,,https://www.amazon.com/dp/B0DRJTL6S3?psc=1,https://m.media-amazon.com/images/I/61xkOtFhXWL._AC_SY450_.jpg,WowCatch,15.86,"1,155","20,448.80","3,475",4.1,"1,967",9,49
Zevo Insect Trap Refills 2-Pack – Replacement Cartridges for Zevo Plug-in Fly Trap Devices – 24/7 Protection,B0GHTGTPZS,Electric Traps,,,https://www.amazon.com/dp/B0GHTGTPZS?psc=1,https://m.media-amazon.com/images/I/61Ge-Wke10L._AC_SX425_.jpg,ZEVO,4.99,"4,156","20,696.10",5,4.8,"36,067",5,781
"2 Flying Insect Trap & 8 Refills, Plug in Fruit Fly Traps for Indoors, Bug Catcher for Mosquitoes, Moths, Fruit Flies, Gnat Traps for House Indoor | Safe Blue & UV Light Attraction",B0CWGR98F4,Electric Traps,,,https://www.amazon.com/dp/B0CWGR98F4?psc=1,https://m.media-amazon.com/images/I/711tjCbeT6L._AC_SX466_.jpg,osvdo,24.64,875,"22,963.45","2,678",4,"6,221",8,62
"STEM Insect Trap - Indoor Fruit Fly & Gnat Pest Control for House, Home and Kitchen, Attracts & Traps Flying Bugs, Soft Blue Light - Includes 1 Plug-in Device & 3 Cartridges",B0F2DR1P47,Electric Traps,,,https://www.amazon.com/dp/B0F2DR1P47?psc=1,https://m.media-amazon.com/images/I/81Z4MdVQmiL._AC_SX466_.jpg,STEM,17.97,"1,349","24,232.05",909,4.7,"1,113",11,N/A
"Zevo MAX Bug Catcher & Fly Trap for Indoors - Flying Insect Trap for Gnats, House & Fruit Flies - Use in Any Room - No-Mess Disposal (1 Plug in Base & 2 Cartridges)",B0CPKZLV35,Electric Traps,,,https://www.amazon.com/dp/B0CPKZLV35?psc=1,https://m.media-amazon.com/images/I/81D0zOe6ZwL._AC_SX466_.jpg,ZEVO,34.97,789,"27,456.54","1,710",4.1,"5,377",9,61
"Fruit Fly Traps for Indoors (1 Device+10 Refills) Plug in Fly Trap for Gnats, Fruit Flies, Flying Insects Sleek Design Indoor Safe",B0DJ2H3BRB,Electric Traps,,,https://www.amazon.com/dp/B0DJ2H3BRB?psc=1,https://m.media-amazon.com/images/I/71l4Ev-4FDL._AC_SY450_.jpg,LFSYS,9.99,"2,868","28,626.39",305,4.3,"2,033",6,128
"2 Pcs Fruit Fly Traps for Indoors (2 Device+10 Refills) Plug in UV Light Fly Trap for Gnats, Fruit Flies, Flying Insects Sleek Design Indoor Safe",B0D795SPZD,Electric Traps,,,https://www.amazon.com/dp/B0D795SPZD?psc=1,https://m.media-amazon.com/images/I/71TMuFeN1sL._AC_SX569_.jpg,LFSYS,15.99,"2,031","32,452.37",305,4.3,"2,033",6,128
"DynaTrap DT152 Indoor Insect Trap and Killer – Catches and Kills Gnats, Flies, Moths & Other Flying Insects",B0BSYD2VV6,Electric Traps,,,https://www.amazon.com/dp/B0BSYD2VV6?psc=1,https://m.media-amazon.com/images/I/71in0hVkFPL._AC_SX679_.jpg,DynaTrap,35.11,939,"32,868.40","4,599",4,"2,038",19,28
"Zevo Flying Insect Trap Official Refill Cartridges - Fits Both Zevo Trap & MAX Indoor Fly Trap - Authentic Trap+Lock Technology to Catch Gnats, House & Fruit Flies (10 Official Refill Cartridges)",B0CTQ3B8JD,Electric Traps,,,https://www.amazon.com/dp/B0CTQ3B8JD?psc=1,https://m.media-amazon.com/images/I/81eNUlyxy1L._AC_SX679_.jpg,ZEVO,37.43,"1,004","40,646.71",5,4.8,"36,067",9,883
"Fly Trap Indoor, Fruit Fly Traps for Indoors Mosquito Trap Indoor Insect Trap with Suction, Time Setting, Bug Light & 10 Pcs Sticky Glue Boards (Blue)",B0CSK83JSK,Electric Traps,,,https://www.amazon.com/dp/B0CSK83JSK?psc=1,https://m.media-amazon.com/images/I/616tJswYQBL._AC_SY450_.jpg,FVOAI,35.99,"1,265","42,545.38","3,221",4.2,"3,213",7,23
"Zevo Flying Insect Refills for Indoor Light Trap: 12 Light Trap Refill Cartridges Capture Fruit Flies, Gnats and Houseflies (12 Cartridges)",B0CTQ1TQ45,Electric Traps,,,https://www.amazon.com/dp/B0CTQ1TQ45?psc=1,https://m.media-amazon.com/images/I/81TOTrmfohL._AC_SY450_.jpg,ZEVO,44.9,"1,054","47,334.14",5,4.8,"36,067",8,883
"Fruit Fly Traps for Indoors, Smart Fly Trap Indoor Bug Zapper Gnat Traps for House Indoor with Temperature and Humidity Sensor, 10PCS Sticky Boards Black 02",B0G78HCJ42,Electric Traps,,,https://www.amazon.com/dp/B0G78HCJ42?psc=1,https://m.media-amazon.com/images/I/81QWI8fIRxL._AC_SX466_.jpg,Fooxem,35.99,"1,055","51,694.76","2,008",4.4,66,8,14
"Fly Trap Indoor, Fruit Fly Traps for Indoors Mosquito Trap Indoor Insect Trap with Suction, Time Setting, Bug Light & 10 Pcs Sticky Glue Boards (White)",B0CSJZMRC8,Electric Traps,,,https://www.amazon.com/dp/B0CSJZMRC8?psc=1,https://m.media-amazon.com/images/I/71+cpDUo81L._AC_SY355_.jpg,FVOAI,35.99,"1,497","52,260.44",370,4.3,"3,154",7,104
"Zevo Flying Insect Trap Official Refill Cartridges - Fits Both Zevo Trap & MAX Indoor Fly Trap - Authentic Trap+Lock Technology to Catch Gnats, House & Fruit Flies (8 Official Refill Cartridges)",B0CYVVT3LC,Electric Traps,,,https://www.amazon.com/dp/B0CYVVT3LC?psc=1,https://m.media-amazon.com/images/I/81hU8gwZ9iL._AC_SX466_.jpg,ZEVO,33.6,"1,968","63,227.95",5,4.8,"36,067",9,882
"2 Flying Insect Traps & 2 Cartridges - Compatible with M364A Refill - Plug in Fruit Fly Trap for Indoor - Bug Catcher for Gnats, House & Fruit Flies - Use in Any Room (2 Device & 2 Cartridges)",B0CZ68FHZP,Electric Traps,,,https://www.amazon.com/dp/B0CZ68FHZP?psc=1,https://m.media-amazon.com/images/I/71oR0YP7YOL._AC_SX569_.jpg,Husaco,29.99,"2,713","74,413.91",638,4.2,"3,158",6,115
"Zevo 4 Flying Insect Traps & 4 Cartridges - Plug In Fly Trap & Indoor Bug Catcher for Gnats, House & Fruit Flies - Mess-Free - Use in Any Room - Uses Blue & UV Light (4 Plug In Devices & 4 Cartridges)",B0CRPHSQCQ,Electric Traps,,,https://www.amazon.com/dp/B0CRPHSQCQ?psc=1,https://m.media-amazon.com/images/I/817JEQGkqTL._AC_SY450_.jpg,ZEVO,67.88,"1,332","80,013.69",42,4.4,"31,009",9,516
"Safer Home Indoor Plug-In Fly Trap - SH502 - Effective Fruit Fly Traps for Indoors, Gnat Traps for House Indoor, 400 Sq Ft Protection - Style: 1 Device + 2 Glue Cards",B09T3T1FYN,Electric Traps,,,https://www.amazon.com/dp/B09T3T1FYN?psc=1,https://m.media-amazon.com/images/I/71PsCvDvipL._AC_SY355_.jpg,Safer,14.97,"9,123","119,067.15",18,4.3,"50,227",9,309
"Fruit Fly Trap for Indoors, Fly Traps for HomeGnat Traps House Indoor, Indoor Insect Trap with Time Setting, 10 Sticky Glue Boards (Blue)",B0FBRPT6KK,Electric Traps,,,https://www.amazon.com/dp/B0FBRPT6KK?psc=1,https://m.media-amazon.com/images/I/71ZdReN-kmL._AC_SY450_.jpg,FVOAI,31.98,"3,486","124,962.52",504,4.3,"3,122",7,97
"Safer Home Indoor Plug-in Fly Trap - SH502-2SR - Effective Fruit Fly Traps for Indoors, Gnat Traps for House Indoor, 800 Total Sq Ft Protection - 2 Devices + 2 Glue Cards",B0CQ8RSTDW,Electric Traps,,,https://www.amazon.com/dp/B0CQ8RSTDW?psc=1,https://m.media-amazon.com/images/I/81RI2s+ahLL._AC_SY355_.jpg,Safer,24.99,"6,953","151,619.28",18,4.3,"50,227",9,306
"Zevo 2 Flying Insect Traps & 4 Refill Cartridges - Plug in Fly Trap & Indoor Bug Catcher for Gnats, House & Fruit Flies - Blue & UV Light Technology, Mess-Free Alternative to Bug Zapper",B0CKY5N63H,Electric Traps,,,https://www.amazon.com/dp/B0CKY5N63H?psc=1,https://m.media-amazon.com/images/I/81jlRg3lgqL._AC_SY450_.jpg,ZEVO,45.97,"3,717","164,832.14",42,4.4,"31,009",9,516
"Zevo Flying Insect Trap & Cartridge - Plug in Fly Trap & Indoor Bug Catcher for Gnats, House & Fruit Flies - Mess-Free - Use in Any Room - Uses Blue & UV Light (1 Plug in Device & 1 Cartridge)",B07T869RNY,Electric Traps,,,https://www.amazon.com/dp/B07T869RNY?psc=1,https://m.media-amazon.com/images/I/81Q+cxDzdmL._AC_SX569_.jpg,ZEVO,19.97,"10,127","192,058.03",13,4.2,"76,089",9,734
"Zevo Flying Insect Trap Official Refill Cartridges - Fits Both Zevo Trap & MAX Indoor Fly Trap - Authentic Trap+Lock Technology to Catch Gnats, House & Fruit Flies (6 Official Refill Cartridges)",B0CTQDTF1V,Electric Traps,,,https://www.amazon.com/dp/B0CTQDTF1V?psc=1,https://m.media-amazon.com/images/I/81+nq0FrOeL._AC_SX466_.jpg,ZEVO,21.97,"10,267","225,460.50",5,4.8,"36,067",9,882
"Zevo Flying Insect Trap Official Refill Cartridges - Fits Both Zevo Trap & MAX Indoor Fly Trap - Authentic Trap+Lock Technology to Catch Gnats, House & Fruit Flies (4 Official Refill Cartridges)",B0C3FTCYZL,Electric Traps,,,https://www.amazon.com/dp/B0C3FTCYZL?psc=1,https://m.media-amazon.com/images/I/81uXJAVhd1L._AC_SX466_.jpg,ZEVO,14.97,"20,760","308,250.14",5,4.8,"36,067",9,883
"Zevo 2 Flying Insect Traps & 2 Refill Cartridges - Plug in Fly Trap & Indoor Bug Catcher for Gnats, House & Fruit Flies - Blue & UV Light Technology, Mess-Free Alternative to Bug Zapper",B0C3PDTYYX,Electric Traps,,,https://www.amazon.com/dp/B0C3PDTYYX?psc=1,https://m.media-amazon.com/images/I/81o2bCLw6rL._AC_SX679_.jpg,ZEVO,37.47,"13,761","515,617.38",42,4.4,"31,009",9,516
"Super Ninja Fruit Fly Traps for Indoors - 1 Pack, Highly Effective Fruit Fly Catcher for Indoor Use for Home & Kitchen, Up to 3 Weeks of Performance per Bottle, Kid & Pet Friendly",B0D5DJW9BY,Lure,Trap,1,https://www.amazon.com/dp/B0D5DJW9BY?psc=1,https://m.media-amazon.com/images/I/81qwbbG2AKL._AC_SX425_.jpg,Super Ninja,7.99,25,202.01,464,3.7,"13,584",8,280
"Qualirey Fruit Fly Trap for Indoor and Kitchen Use, 0.68 oz Each Bottle Fruit Fly Trap Refill Liquid, Ready to Use, Safe Near Food, Efficient Lure Refill Liquid, Yellow (20 Pack)",B0F43FXY11,Lure,Refill,20,https://www.amazon.com/dp/B0F43FXY11?psc=1,https://m.media-amazon.com/images/I/81cMyoWlO3L._AC_SX679_.jpg,Qualirey,19.99,19,375.29,"6,064",4.4,659,8,28
"Qualirey Fruit Fly Trap for Indoor and Kitchen Use, 0.68 oz Each Bottle Fruit Fly Trap Refill Liquid, Ready to Use, Safe Near Food, Efficient Lure Refill Liquid, Yellow(16 Pack)",B0F43GM9C5,Lure,Refill,16,https://www.amazon.com/dp/B0F43GM9C5?psc=1,https://m.media-amazon.com/images/I/81RG3qbUc0L._AC_SX466_.jpg,Qualirey,15.99,27,427.87,"6,061",4.4,659,8,28
"Qualirey Fruit Fly Trap for Indoor and Kitchen Use, 0.68 oz Each Bottle Fruit Fly Trap Refill Liquid, Ready to Use, Safe Near Food, Efficient Lure Refill Liquid, Yellow(12 Pack)",B0F43FB193,Lure,Refill,12,https://www.amazon.com/dp/B0F43FB193?psc=1,https://m.media-amazon.com/images/I/81m1OyrX8SL._AC_SY355_.jpg,Qualirey,15.99,28,447.95,"6,064",4.4,659,8,18
"Qualirey Fruit Fly Trap for Indoor and Kitchen Use, 0.68 oz Each Bottle Fruit Fly Trap Refill Liquid, Ready to Use, Safe Near Food, Efficient Lure Refill Liquid, Yellow(8 Pack)",B0F43HFFYM,Lure,Refill,8,https://www.amazon.com/dp/B0F43HFFYM?psc=1,https://m.media-amazon.com/images/I/81aSssqgZtL._AC_SY450_.jpg,Qualirey,13.99,38,525.42,"6,064",4.4,659,8,18
UV Fruit Fly Traps for Indoors + Sticky Traps 2pk- Fruit Fly Traps Indoor for Home - Fruit Fly Trap & Gnat Traps for House Indoor - Fly Killer - Gnat Catcher,B0DHCJ3DL9,Lure,Trap,2,https://www.amazon.com/dp/B0DHCJ3DL9?psc=1,https://m.media-amazon.com/images/I/71rHL3lhVnL._AC_SY450_.jpg,Acme Approved,4.99,125,623.02,"50,218",3,186,7,10
"Qualirey Fruit Fly Trap for Indoor and Kitchen Use, 0.68 oz Each Bottle Fruit Fly Trap Refill Liquid, Ready to Use, Safe Near Food, Efficient Lure Refill Liquid, Yellow(6 Pack)",B0F43FPGBK,Lure,Refill,6,https://www.amazon.com/dp/B0F43FPGBK?psc=1,https://m.media-amazon.com/images/I/71bm8sZr4eL._AC_SX466_.jpg,Qualirey,11.99,52,626.17,"6,064",4.4,659,8,28
"Qualirey Fruit Fly Trap for Indoor and Kitchen Use, 0.68 oz Each Bottle Fruit Fly Trap Refill Liquid, Ready to Use, Safe Near Food, Efficient Lure Refill Liquid, Yellow(4 Pack)",B0F43HQK4C,Lure,Refill,4,https://www.amazon.com/dp/B0F43HQK4C?psc=1,https://m.media-amazon.com/images/I/71aCGSlL1nL._AC_SX466_.jpg,Qualirey,8.99,76,678.12,"6,066",4.4,659,8,28
RESCUE! Fruit Fly Trap Bait Refill – 30 Day Supply – 10 Pack,B00MP3DZ4I,Lure,Refill,10,https://www.amazon.com/dp/B00MP3DZ4I?psc=1,https://m.media-amazon.com/images/I/81b9qKLh8sL._AC_SX466_.jpg,RESCUE!,21.18,33,695.12,"131,221",4.5,180,7,2
"Qualirey 12 Pack Fruit Fly Trap Refill Liquid, 0.68oz/ Bottle Liquid Fruit Fly Traps for Indoors Non Toxic Safe Near Food, Effective Lure Refill for Indoor and Kitchen Use, Red",B0DCP2TKL5,Lure,Refill,12,https://www.amazon.com/dp/B0DCP2TKL5?psc=1,https://m.media-amazon.com/images/I/81PWd+GnwqL._AC_SX425_.jpg,Qualirey,17.99,65,"1,171.66","3,391",4.3,591,8,34
"Super Ninja Fungus Gnat & Fruit Fly Traps - 10 Gnat Sticky Traps for Plants & 2 Highly Effective Fruit Fly Catchers for Indoors, Kid & Pet Friendly, Ready to Use, Up to 3 Months of Performance",B0DX884Y1W,Lure,Trap,2,https://www.amazon.com/dp/B0DX884Y1W?psc=1,https://m.media-amazon.com/images/I/91fz0l6ZR4L._AC_SY450_.jpg,Super Ninja,12.99,96,"1,247.78",464,3.7,"13,584",8,280
"Qualirey 20 Pack Fruit Fly Trap Refill Liquid, 0.68oz/ Bottle Liquid Fruit Fly Traps for Indoors Non Toxic Safe Near Food, Effective Lure Refill for Indoor and Kitchen Use, Red",B0DCP1K7B6,Lure,Refill,20,https://www.amazon.com/dp/B0DCP1K7B6?psc=1,https://m.media-amazon.com/images/I/81wQM+0rP8L._AC_SX425_.jpg,Qualirey,24.99,62,"1,552.63","3,391",4.3,591,8,34
"Qualirey 12 Pack Fruit Fly Trap Refill Liquid, 0.68oz Per Bottle Liquid Fruit Fly Traps for Indoors, Non Toxic Bait Safe Near Pets, Food and Kids, Lure Refill for Home Kitchen",B0CXXC99TZ,Lure,Refill,12,https://www.amazon.com/dp/B0CXXC99TZ?psc=1,https://m.media-amazon.com/images/I/81+PmsH5-GL._AC_SY450_.jpg,Qualirey,19.99,95,"1,890.84","6,066",4.4,659,8,28
"Qualirey 8 Pack Fruit Fly Trap Refill Liquid, 0.68oz/ Bottle Liquid Fruit Fly Traps for Indoors Non Toxic Safe Near Food, Effective Lure Refill for Indoor and Kitchen Use, Red",B0DCP22M9Y,Lure,Refill,8,https://www.amazon.com/dp/B0DCP22M9Y?psc=1,https://m.media-amazon.com/images/I/81cavsTq9XL._AC_SY355_.jpg,Qualirey,15.99,122,"1,954.68","3,391",4.3,591,8,34
"Aunt Fannie's FlyPunch Fruit Fly Trap Bundle for Indoor and Kitchen Use, Ready to Use, Made with Plant Based Ingredients, Safe Near Food, Long Lasting, 32 oz Refill and 6 oz Single",B0F4KZFPYQ,Lure,Trap,1,https://www.amazon.com/dp/B0F4KZFPYQ?psc=1,https://m.media-amazon.com/images/I/81lGk--IlDL._AC_SY450_.jpg,Aunt Fannie's,24.99,107,"2,678.52",828,3.9,"25,096",7,38
TERRO T2502 Ready-to-Use Indoor Fruit Fly Trap with Built in Window - 2 Traps + 90 day Lure Supply,B01JIRNEQW,Lure,Trap,2,https://www.amazon.com/dp/B01JIRNEQW?psc=1,https://m.media-amazon.com/images/I/81uiOPbkLRL._AC_SX466_.jpg,Terro,6.77,440,"3,025.44","17,037",4,"68,004",10,4
Fruit Fly Traps for Indoors by Raid | 2 Lures + 2 Refills | Effective Fruit Fly Killer & Gnat Traps for House Indoor Use | Easy to Use & Safe Food-Based Lure Fly Catcher,B07WHKLYPW,Lure,Trap,2,https://www.amazon.com/dp/B07WHKLYPW?psc=1,https://m.media-amazon.com/images/I/81WJTbxHq6L._AC_SX522_.jpg,Raid,11.99,340,"4,072.12","15,667",3,"10,771",9,0
"Qualirey 24 Pack Fruit Fly Trap Refill Liquid, 0.68oz Per Bottle Liquid Fruit Fly Traps for Indoors, Non Toxic Bait Safe Near Pets, Food and Kids, Lure Refill for Home Kitchen",B0D4DC2KGV,Lure,Refill,24,https://www.amazon.com/dp/B0D4DC2KGV?psc=1,https://m.media-amazon.com/images/I/81YLT3xX9OL._AC_SX569_.jpg,Qualirey,25.99,157,"4,090.37","6,064",4.4,659,8,28
EPA Establishment No.100240-CHN-1 Fruit Fly Traps for Indoors: - Reusable Escape-Proof Trap and Powerful Fruit-Based Bait (2 x 60ml),B0GCCJFZ18,Lure,Trap,2,https://www.amazon.com/dp/B0GCCJFZ18?psc=1,https://m.media-amazon.com/images/I/71bLyVtZSTL._AC_SX679_.jpg,ELEGENZO,24.9,168,"4,181.45","13,028",5,43,9,0
"Aunt Fannie's FlyPunch Fruit Fly Trap for Indoor and Kitchen Use, Ready to Use, Made with Plant Based Ingredients, Safe Near Food, Each Bottle Lasts Up to 30 Days, Pack of 12",B00W45Y3JI,Lure,Trap,12,https://www.amazon.com/dp/B00W45Y3JI?psc=1,https://m.media-amazon.com/images/I/81OM-t5+TQL._AC_SX569_.jpg,Aunt Fannie's,79.99,59,"4,756.39",828,3.9,"25,096",7,41
TERRO 2-Pack Fly Trap,B00E4GADNA,Lure,Trap,2,https://www.amazon.com/dp/B00E4GADNA?psc=1,https://m.media-amazon.com/images/I/71BTzFVbOkL._AC_SY355_.jpg,Terro,9.93,491,"4,875.64","8,424",4.1,"2,981",3,18
STEM Kills Fruit Fly Trap: Fruit Fly Catcher With Botanical Extracts; 5.4 fl oz (Pack Of 1),B09GD8T863,Lure,Trap,1,https://www.amazon.com/dp/B09GD8T863?psc=1,https://m.media-amazon.com/images/I/71A4S4LEW5L._AC_SY450_.jpg,STEM,6.82,781,"5,323.74","8,256",3.7,"1,966",14,10
"Fly Away Fruit Fly Liquid Lure - Trap Fruit Flies Fast. Safe Around Food. Fruit Fly Trap Indoor Bait for Kitchens, Restaurants, and Bars. Use Alone or as Refill for Fly Away Fruit Fly Trap Kit (12 oz)",B0CJ3Z5TKN,Lure,Trap,1,https://www.amazon.com/dp/B0CJ3Z5TKN?psc=1,https://m.media-amazon.com/images/I/71s7GjMv5NL._SX342_.jpg,Fly Away Product,12.14,428,"5,753.95","12,806",4.3,276,9,15
"Qualirey 6 Pack Fruit Fly Trap Refill Liquid, 0.68oz Per Bottle Liquid Fruit Fly Traps for Indoors, Non Toxic Bait Safe Near Pets, Food and Kids, Lure Refill for Home Kitchen",B0D4DY85H3,Lure,Refill,6,https://www.amazon.com/dp/B0D4DY85H3?psc=1,https://m.media-amazon.com/images/I/81mn6JqAUwL._AC_SY355_.jpg,Qualirey,11.99,491,"5,883.71","6,066",4.4,659,8,28
"Aunt Fannie's FlyPunch Fruit Fly Trap for Indoor and Kitchen Use, Ready to Use, Made with Plant Based Ingredients, Safe Near Food, Each Bottle Lasts Up to 30 Days, Pack of 6",B07MF44XRY,Lure,Trap,6,https://www.amazon.com/dp/B07MF44XRY?psc=1,https://m.media-amazon.com/images/I/81H0Byy4r4L._AC_SY355_.jpg,Aunt Fannie's,41.99,153,"6,408.07",828,3.9,"25,096",7,40
"Super Ninja Fruit Fly Traps for Indoors - 2 Pack, Highly Effective Fruit Fly Catcher for Indoor Use for Home & Kitchen, Up to 3 Weeks of Performance per Bottle, Kid & Pet Friendly",B0D5DJBVCR,Lure,Trap,2,https://www.amazon.com/dp/B0D5DJBVCR?psc=1,https://m.media-amazon.com/images/I/91uVH8SjLkL._AC_SY355_.jpg,Super Ninja,9.99,722,"7,200.57",464,3.7,"13,584",6,280
"Super Ninja Fruit Fly Traps for Indoors - 12 Pack, Highly Effective Fruit Fly Catcher for Indoor Use for Home & Kitchen, Up to 3 Weeks of Performance per Bottle, Kid & Pet Friendly",B0D5DDC4ZS,Lure,Trap,12,https://www.amazon.com/dp/B0D5DDC4ZS?psc=1,https://m.media-amazon.com/images/I/910LwKQZi4L._AC_SX679_.jpg,Super Ninja,37.99,216,"8,208.49",464,3.7,"13,584",8,280
"Aunt Fannie's FlyPunch Fruit Fly Trap for Indoor and Kitchen Use, Ready to Use, Made with Plant Based Ingredients, Safe Near Food, Long Lasting, 32 oz Refill",B0C4Z77R1F,Lure,Refill,,https://www.amazon.com/dp/B0C4Z77R1F?psc=1,https://m.media-amazon.com/images/I/715vp43U33L._AC_SY355_.jpg,Aunt Fannie's,19.99,434,"8,666.93",828,3.9,"25,096",7,38
"Aunt Fannie's FlyPunch Fruit Fly Trap for Indoor and Kitchen Use, Ready to Use, Made with Plant Based Ingredients, Safe Near Food, Each Bottle Lasts Up to 30 Days, Pack of 3",B07W1WLZM7,Lure,Trap,3,https://www.amazon.com/dp/B07W1WLZM7?psc=1,https://m.media-amazon.com/images/I/91ureMPNUtL._AC_SX466_.jpg,Aunt Fannie's,21.99,408,"8,972.21",828,3.9,"25,096",7,38
"Aunt Fannie's FlyPunch Fruit Fly Trap for Indoor and Kitchen Use, Ready to Use, Made with Plant Based Ingredients, Safe Near Food, Each Bottle Lasts Up to 30 Days, Pack of 1",B00WMZMHPW,Lure,Trap,1,https://www.amazon.com/dp/B00WMZMHPW?psc=1,https://m.media-amazon.com/images/I/71Jvbd2C6CL._AC_SY355_.jpg,Aunt Fannie's,7.96,"1,250","9,949.22",828,3.9,"25,096",7,42
Terro Fruit Fly Traps for Indoors (12 Pack) + 540 Days of Lure Supply,B07V7GC46D,Lure,Trap,12,https://www.amazon.com/dp/B07V7GC46D?psc=1,https://m.media-amazon.com/images/I/81FD0pVL9zL._AC_SY450_.jpg,Terro,37.89,282,"10,046.10",36,4.1,"24,094",12,447
"Qualirey 4 Pack Fruit Fly Trap Refill Liquid, 0.68oz/ Bottle Liquid Fruit Fly Traps for Indoors Non Toxic Safe Near Food, Effective Lure Refill for Indoor and Kitchen Use, Red",B0DCNZVXTP,Lure,Refill,4,https://www.amazon.com/dp/B0DCNZVXTP?psc=1,https://m.media-amazon.com/images/I/81ZSdAgJb+L._AC_SX466_.jpg,Qualirey,9.99,"1,141","11,390.79","3,391",4.3,591,8,34
"Hot Shot Flying Insect Trap, Discreet, Hassle-Free Trap Attracts, Captures House and Fruit Flies, 24/7 Continuous Attraction, No Plug-in Or Electricity Needed, 6 Count",B0DGWQV8GK,Lure,Trap,6,https://www.amazon.com/dp/B0DGWQV8GK?psc=1,https://m.media-amazon.com/images/I/71RAhcOIbLL._AC_SY355_.jpg,HOT SHOT,14.16,725,"11,871.47","4,047",2.4,"1,942",13,81
"Super Ninja Fruit Fly Traps for Indoors - 6 Pack, Highly Effective Fruit Fly Catcher for Indoor Use for Home & Kitchen, Up to 3 Weeks of Performance per Bottle, Kid & Pet Friendly",B0DX45STK3,Lure,Trap,6,https://www.amazon.com/dp/B0DX45STK3?psc=1,https://m.media-amazon.com/images/I/81AsaYEqJML._AC_SY450_.jpg,Super Ninja,18.99,743,"14,106.07",464,3.7,"13,584",8,280
"Raid Essentials Fruit Fly Trap for Indoors, Made with Essential Oils, Child and Pet Safe, 5.4 oz",B09GDHSW99,Lure,Trap,1,https://www.amazon.com/dp/B09GDHSW99?psc=1,https://m.media-amazon.com/images/I/71nM6HPZ8VL._AC_SX466_.jpg,Raid,6.99,"2,539","17,724.59","1,297",3.6,"3,951",11,38
"Aunt Fannie's FlyPunch Fruit Fly Trap for Indoor and Kitchen Use, Ready to Use, Made with Plant Based Ingredients, Safe Near Food, Each Bottle Lasts Up to 30 Days, Pack of 2",B07VYPGHFW,Lure,Trap,2,https://www.amazon.com/dp/B07VYPGHFW?psc=1,https://m.media-amazon.com/images/I/91aYrXmLrDL._AC_SY450_.jpg,Aunt Fannie's,14.99,"1,198","17,950.68",828,3.9,"25,096",7,41
"Super Ninja Fruit Fly Traps for Indoors - 4 Pack, Highly Effective Fruit Fly Catcher for Indoor Use for Home & Kitchen, Up to 3 Weeks of Performance per Bottle, Kid & Pet Friendly",B0D5DJ7V4P,Lure,Trap,4,https://www.amazon.com/dp/B0D5DJ7V4P?psc=1,https://m.media-amazon.com/images/I/81394dhllhL._AC_SX569_.jpg,Super Ninja,13.99,"4,712","65,880.39",464,3.7,"13,584",8,280
Terro Fruit Fly Traps for Indoors (6 Pack) + 270 Days of Lure Supply,B0BX4GQF68,Lure,Trap,6,https://www.amazon.com/dp/B0BX4GQF68?psc=1,https://m.media-amazon.com/images/I/81iUZKBoLNL._AC_SX466_.jpg,Terro,18.39,"5,214","102,714.88",36,4.1,"24,094",10,439
"TERRO Fruit Fly Traps for Indoors (4 Pack) + 180 Days of Lure Supply - T2503SR - Lure and Kill Indoor Fruit Flies Near Fruit, Trash Cans, Countertops - Ready to Use Trap - 180 Day Supply",B01MRHXM0I,Lure,Trap,4,https://www.amazon.com/dp/B01MRHXM0I?psc=1,https://m.media-amazon.com/images/I/81F5uQH3fyL._AC_SX425_.jpg,Terro,13.37,"13,982","168,467.47",36,4.1,"24,094",9,324
Natural Catch Fruit Fly Traps - 2 Traps,B004FDUHS8,Passive attractor,,,https://www.amazon.com/dp/B004FDUHS8?psc=1,https://m.media-amazon.com/images/I/71ooKTiA1LL._AC_SY450_.jpg,Natural Catch,18.51,39,677.5,"73,048",3.9,917,1,0
"Wondercide - Fruit Fly Trap for Kitchen, Home, and Indoor Areas - Fruit Fly Killer - Pet and People Safe - Made in USA & Plant Based - 5.4 oz",B099P3VMBM,Passive attractor,,,https://www.amazon.com/dp/B099P3VMBM?psc=1,https://m.media-amazon.com/images/I/71MWWAIIVYL._AC_SY450_.jpg,Wondercide,14.11,264,"3,716.89","5,110",3.5,"5,441",6,16
"Fruit Fly BarPro – Vapor-Activated Insect Control Strip – Better Than Fruit Fly Traps – Kills Flies, Gnats, Roaches, Mosquitoes, and More – Odorless, 4 Month Protection",B009D17Z5U,Passive attractor,,1,https://www.amazon.com/dp/B009D17Z5U?psc=1,https://m.media-amazon.com/images/I/8178mxxgqKL._SX425_.jpg,Fruit Fly BarPro,11.49,690,"7,920.79","5,513",3.9,"11,491",6,18
"Fruit Fly BarPro – Vapor-Activated Insect Control Strip – Better Than Fruit Fly Traps – Kills Flies, Gnats, Roaches, Mosquitoes, and More – Odorless, 4 Month Protection",B06X1GN4B7,Passive attractor,,,https://www.amazon.com/dp/B06X1GN4B7?psc=1,https://m.media-amazon.com/images/I/81S2TNh9aPL._SX385_.jpg,Fruit Fly BarPro,59.99,169,"10,119.31","5,513",3.9,"11,491",7,17
Wondercide - Fruit Fly Traps for Indoors - Fruit Fly Killer - Pet and People Safe - Made in USA & Plant Based - 5.4 oz - 2 Pack,B09WJLKZP1,Passive attractor,,,https://www.amazon.com/dp/B09WJLKZP1?psc=1,https://m.media-amazon.com/images/I/71n1CuYsQPL._AC_SX679_.jpg,Wondercide,21.99,787,"17,304.36","5,110",3.5,"5,441",8,16
"Fruit Fly BarPro – Vapor-Activated Insect Control Strip – Better Than Fruit Fly Traps – Kills Flies, Gnats, Roaches, Mosquitoes, and More – Odorless, 4 Month Protection",B07CR9B27M,Passive attractor,,,https://www.amazon.com/dp/B07CR9B27M?psc=1,https://m.media-amazon.com/images/I/71MIUBWpu3L._SX466_.jpg,Fruit Fly BarPro,109.99,173,"18,989.52","5,509",3.9,"11,491",8,16
"TERRO T518 Fly Trap Indoor Housefly, 4 Pack, Sticky Fly Trap Indoor Hanging",B07DXC4Q8B,Sticky Traps,,,https://www.amazon.com/dp/B07DXC4Q8B?psc=1,https://m.media-amazon.com/images/I/91RwPAvoEqL._AC_SY355_.jpg,Terro,11.64,80,948.89,911,4.1,"17,791",5,137
"Catchmaster Gold Stick Fly Trap 4-Pk, Bug & Fruit Fly Traps for Indoors & Outdoors, Premium Adhesive Mosquito, Gnat, & Bug Catcher, Insect Killer, Bulk Pest Control for Home",B083ZGVJ28,Sticky traps,,,https://www.amazon.com/dp/B083ZGVJ28?psc=1,https://m.media-amazon.com/images/I/811qnkA6+fL._AC_SY450_.jpg,Catchmaster,21.85,102,"2,222.36","59,433",3.7,"2,969",6,0
"PIC FR10B 69060216325 Fly Ribbons Fruit Fly Traps for Indoors and Outdoors, Bug Trap for Winged Insects, Set of 10",B005V6ASZU,Sticky traps,,,https://www.amazon.com/dp/B005V6ASZU?psc=1,https://m.media-amazon.com/images/I/71hjQ9A4y8L._AC_SY450_.jpg,PIC,8.99,269,"2,326.73","23,193",4.2,"20,160",9,4
Trappify Hanging Fly Traps Outdoor: Fruit Fly Traps for Indoors | Gnat Trap | Gnat Traps for House Indoor | Fly Trap Indoor - Disposable Sticky Fly Trap for Indoor House Pest Control (2 Pack),B08DMY3WWX,Sticky traps,,,https://www.amazon.com/dp/B08DMY3WWX?psc=1,https://m.media-amazon.com/images/I/71DG14XKAtL._AC_SX466_.jpg,Trappify,11.99,413,"4,952.36","5,128",4.2,"5,650",9,41
"Kensizer 20-Pack Fruit Fly Trap, Yellow Sticky Gnat Traps Killer for Indoor/Outdoor Flying Plant Insect Like Fungus Gnats, Whiteflies, Aphids, Leaf Miners - 6x8 in, Twist Ties Included",B07KRRJT5J,Sticky traps,,,https://www.amazon.com/dp/B07KRRJT5J?psc=1,https://m.media-amazon.com/images/I/71QTcohByvL._AC_SX425_.jpg,Kensizer,8.09,873,"7,064.13","4,012",4.3,"19,094",8,76
"Catchmaster Fly Ribbon 20-Pack, Bug & Fruit Fly Traps Outdoor and Indoor, Premium Adhesive Sticky Strips & Gnat Hanging Strips, Bulk Flying Insect Paper Rolls, Pesticide-Free Home Pest Control",B07V6HBYHK,Sticky traps,,,https://www.amazon.com/dp/B07V6HBYHK?psc=1,https://m.media-amazon.com/images/I/91wowtWYbYL._AC_SX679_.jpg,Catchmaster,12.99,999,"12,963.56","4,075",4,"12,840",6,17
Fruit Fly Traps Indoor Fungus Gnat Trap 48PCS for Plants Yellow Houseplants Outdoor Use Insect Sticky,B0B3RJ9JFM,Sticky traps,,,https://www.amazon.com/dp/B0B3RJ9JFM?psc=1,https://m.media-amazon.com/images/I/71VC1ZHz82L._AC_SX466_.jpg,Landisun,5.79,"2,597","14,604.12",296,4.3,"15,074",9,82
"36 Pack Fruit Fly Traps for Indoors, Gnat Traps for House Indoor, Sticky Traps Fungus Gnats Killer for Mosquito and Flying Insects, Bug Pest Insect Catcher Killer for Houseplant",B07XLM4FWL,Sticky traps,,,https://www.amazon.com/dp/B07XLM4FWL?psc=1,https://m.media-amazon.com/images/I/71GZTSBLTTL._AC_SX425_.jpg,Stingmon,7.99,"2,191","17,038.90","1,187",4.4,"34,591",9,26
"50 Pack Window Fly Trap, Fruit Fly Traps for Indoors, Fly Paper Sticky Strips, Fly Traps for Indoors Clear",B09GVVTZ2M,Sticky traps,,,https://www.amazon.com/dp/B09GVVTZ2M?psc=1,https://m.media-amazon.com/images/I/61FD64ZAg3L._AC_SX466_.jpg,LFSYS,13.99,"1,372","19,182.47",761,4.7,"7,235",7,86
Fly Stick Sticky Fly Traps for Indoors Outdoor 4pk. Non-Toxic Super Sticky Hanging Flies Catcher Paper Tape Strips for Home. Catches All Bugs and gnats. Indoor Outdoor House Flying Insect Trap,B0BWM9BBH5,Sticky traps,,,https://www.amazon.com/dp/B0BWM9BBH5?psc=1,https://m.media-amazon.com/images/I/81dikoAZeXL._AC_SY450_.jpg,BugBane,24.99,"1,016","25,390.08","3,513",4.3,"2,025",8,35
Fruit Fly Traps Fungus Gnat Traps Yellow Sticky Bug Traps 36 Pack No Harm and Odorless for Indoor Outdoor Use Protect The Plant,B08MZN1K2Y,Sticky traps,,,https://www.amazon.com/dp/B08MZN1K2Y?psc=1,https://m.media-amazon.com/images/I/71ptN0iopNL._AC_SX679_.jpg,Mosqueda,5.98,"4,588","27,434.22",32,4.4,"30,424",8,412
Fly Stick Sticky Fly Traps for Indoors Outdoor 6pk. Non-Toxic Super Sticky Hanging Flies Catcher Paper Tape Strips for Home. Catches All Bugs and gnats. Indoor Outdoor House Flying Insect Trap,B0CP43WSGB,Sticky traps,,,https://www.amazon.com/dp/B0CP43WSGB?psc=1,https://m.media-amazon.com/images/I/81pRUnfsZtL._AC_SY355_.jpg,BugBane,32.99,"1,077","35,524.04","3,186",4.4,"1,571",8,19
"58 Pack Flying Insect Traps for Plants – Yellow Sticky Traps for Fungus Gnats, Flies & Flying Bugs, Anti bacterial, Garden & Kitchen, Non-Toxic, Odorless, Kid & Pet Safe",B0CNGBLV5N,Sticky traps,,,https://www.amazon.com/dp/B0CNGBLV5N?psc=1,https://m.media-amazon.com/images/I/71pdF+lJTwL._AC_SY355_.jpg,Cleanuper,6.99,"12,414","86,647",354,4.2,"4,500",7,333
"20pk GATCH Fruit Fly Trap, Fly Stick for Mosquitoes, Sticky Trap for Flies Gnats Wasp Flying Insects, Bug Catcher, Indoor or Outdoor Use, Ready to Use Home (20pk)",B0DJLS1SQZ,Sticky traps,,,https://www.amazon.com/dp/B0DJLS1SQZ?psc=1,https://m.media-amazon.com/images/I/71h40jFlTEL._AC_SY355_.jpg,GATCH,99.99,10,981.91,"15,515",4.1,"1,037",8,14
USKICH Sticky Traps Gnat Killer Fruit Fly Traps Non-Toxic and Odorless Fungus Gnat Traps Insect Traps Black Sticky Trap for Indoor and Outdoor Plants（48Pcs Black）,B096Q4S255,Sticky traps,,,https://www.amazon.com/dp/B096Q4S255?psc=1,https://m.media-amazon.com/images/I/71H8xvWC5VL._AC_SY355_.jpg,USKICH,7.99,125,996.59,"1,968",4.4,"12,808",5,25
"Black Flag Fly Paper 4 Traps, Catches All Flying Insects, 24 Pack",B00IMHL9MQ,Sticky Traps,,,https://www.amazon.com/dp/B00IMHL9MQ?psc=1,https://m.media-amazon.com/images/I/813jLHa6yJL._AC_SY355_.jpg,Black Flag,19.74,54,997.76,"1,330",4.2,"25,697",5,21
"Super Ninja Gnat Traps for House Indoor - Fungus Gnat & Fruit Fly Traps - 10 Sticky Traps for Plants & 2 Highly Effective Fruit Fly Catchers for Indoors, Kid & Pet Friendly",B0DX8J2VV6,Sticky Traps,,,https://www.amazon.com/dp/B0DX8J2VV6?psc=1,https://m.media-amazon.com/images/I/91fz0l6ZR4L._AC_SY355_.jpg,Super Ninja,12.99,77,999.8,"1,006",4.4,"1,072",7,79
"Black Flag Fly Window Traps, 4 Count (Pack of 12)",B00TRVMH2M,Passive attractor,,,https://www.amazon.com/dp/B00TRVMH2M?psc=1,https://m.media-amazon.com/images/I/91LTkM83YPL._AC_SY355_.jpg,Black Flag,40.68,25,"1,016.18","1,330",4.2,"25,697",5,33
"Garsum Fruit Fly Trap 18 Pcs Yellow Sticky Fungus Gnat Killer for Indoor and Outdoor Plant Insect Catcher for White Flies, Mosquitos, Fungus Gnats, Flying Insects",B08FDPBQKN,Sticky Traps,,,https://www.amazon.com/dp/B08FDPBQKN?psc=1,https://m.media-amazon.com/images/I/61arBW6bA7L._AC_SY355_.jpg,Garsum,7.19,141,"1,056.74",704,4.4,"54,671",7,75
"Flying Insect Trap, 2 in 1 Indoor Plug-in Fruit Fly Trap, 2 Trap Black and 12 Glue Cards, Fruit Fly Traps for Gnat, Moth, Mosquito, Suitable for Every Part of The Home",B0CZNQGWX9,Electric Traps,,,https://www.amazon.com/dp/B0CZNQGWX9?psc=1,https://m.media-amazon.com/images/I/71O5VxjGxXL._AC_SY355_.jpg,TIENBE,19.99,54,"1,073.88","1,307",4.2,"3,974",9,90
72PCS Fruit Fly Sticky Traps Fungus Gnat Traps Insect Trap for Plants Kitchen Indoor Outdoor White Flies Mosquitos Fungus Gnats Flying Insects Houseplant Gifts,B0CH2WS99M,Sticky Traps,,,https://www.amazon.com/dp/B0CH2WS99M?psc=1,https://m.media-amazon.com/images/I/71ptN0iopNL._AC_SY355_.jpg,Mosqueda,8.99,123,"1,108.17","1,939",N/A,0,7,276
"10PCS Refills for WowCatch Flying Insect Trap N386E, Original Super Sticky Cards, High Efficiently Stick Fruit Flies, Gnats, Moths, and Houseflies (Refills Only)",B0DRJNXN4P,Electric Traps,,,https://www.amazon.com/dp/B0DRJNXN4P?psc=1,https://m.media-amazon.com/images/I/71IGWE9-x+L._AC_SY355_.jpg,WowCatch,13.99,83,"1,158.90","1,536",4.1,"1,994",7,55
"Fruit Fly Traps for Indoors, Plug in Flying Insect Trap with Auto Night Light, Bug Catcher Indoor, Fly Trap Indoor for Fruit Flies, Gnats, Mosquito, Moths (2 Device + 10 Glue Cards)",B0G47D84YC,Electric Traps,,,https://www.amazon.com/dp/B0G47D84YC?psc=1,https://m.media-amazon.com/images/I/61klX0cN-+L._AC_SY355_.jpg,WAYSLA,19.99,58,"1,159.05","61,250",3.4,31,7,7
"Eco Defense Fruit Fly Killer - Natural Fruit Fly Trap & Drain Fly Killer Treatment for Indoor Fly Control in Kitchen, Restaurants, and More, 16 Oz",B01BIDLTZW,Lure,Trap,1,https://www.amazon.com/dp/B01BIDLTZW?psc=1,https://m.media-amazon.com/images/I/61N-mqrEKTL._SX342_.jpg,Eco Defense,24.95,48,"1,204.35","59,011",3.9,"2,633",7,N/A
"Flying Insect Trap, 2 in 1 Indoor Plug-in Fruit Fly Trap, 4 Trap Black and 24 Glue Cards, Fruit Fly Traps for Gnat, Moth, Mosquito, Suitable for Every Part of The Home",B0DMVSG79W,Electric Traps,,,https://www.amazon.com/dp/B0DMVSG79W?psc=1,https://m.media-amazon.com/images/I/71sXnsGRrTL._AC_SY355_.jpg,TIENBE,39.99,30,"1,216.53","1,307",4.2,"3,974",8,90
"60 Pack Fruit Fly Trap for Indoors, Gnat Traps for House Indoor Gnat Killer, House Plant Gnats Bugs Sticky Killer Fruit Fly Traps for Indoor",B095WHTNGB,Sticky Traps,,,https://www.amazon.com/dp/B095WHTNGB?psc=1,https://m.media-amazon.com/images/I/71OKubw5ulL._AC_SY355_.jpg,Stingmon,8.99,136,"1,223.38","1,542",4.6,"13,800",9,30
"96 Pack Fruit Fly Trap for Indoors, Fungus Gnat Killer Indoor Sticky Traps for Mosquito, Bug Insect Catcher Killer for Houseplant",B07ZLT7RDW,Sticky Traps,,,https://www.amazon.com/dp/B07ZLT7RDW?psc=1,https://m.media-amazon.com/images/I/819zVaeHuKL._AC_SY355_.jpg,Stingmon,12.99,97,"1,234.84","1,381",4.4,"34,608",9,35
"Safer Brand 5026 Houseplant Sticky Stake Insect Traps for Indoor Plants - Controls Fungus Gnats, Whiteflies, Midges, Thrips, Fruit Flies, and Black Flies - 1 Pack, 7 Traps",B000OV8OTY,Sticky Traps,,,https://www.amazon.com/dp/B000OV8OTY?psc=1,https://m.media-amazon.com/images/I/81xHrl-iBpL._AC_SY355_.jpg,Safer,13.2,94,"1,235.79","4,404",4.4,"15,217",5,0
"48 Pack Fruit Fly Traps for Indoors Plants Fungus Gnat Killer Trap Outdoor, Sticky Fly Catcher for House Outdoor, Flying Insects, Fungus Gnats, Flies",B081DZH7S4,Sticky Traps,,,https://www.amazon.com/dp/B081DZH7S4?psc=1,https://m.media-amazon.com/images/I/712L8Vj9IRL._AC_SY355_.jpg,Stingmon,8.99,139,"1,245.79","1,542",4.6,"13,800",6,30
"Flying Insect Trap, 2 in 1 Indoor Plug-in Fruit Fly Trap, 4 Trap White and 24 Glue Cards, Fruit Fly Traps for Gnat, Moth, Mosquito, Suitable for Every Part of The Home",B0DMVX8LRJ,Electric Traps,,,https://www.amazon.com/dp/B0DMVX8LRJ?psc=1,https://m.media-amazon.com/images/I/71PH3JBHjcL._AC_SY355_.jpg,TIENBE,39.99,32,"1,288.17","1,307",4.2,"3,974",8,90
200 Sheets Fruit Fly Sticky Traps for Fruit Fly Gnat Trap for House Indoors Sticky Traps Catcher for Gnats Fungus Gnats Mosquito Catcher for Kitchen Outdoor Plants(Yellow),B0B6NKG4JQ,Sticky Traps,,,https://www.amazon.com/dp/B0B6NKG4JQ?psc=1,https://m.media-amazon.com/images/I/81BBknuUDqL._AC_SY355_.jpg,Qualirey,22.99,57,"1,302.94","26,119",4.7,295,6,4
"Garsum Fruit Fly Trap Yellow Sticky Traps, 18 pcs Fungus Gnat Killer for Indoor and Outdoor Plant Insect Catcher for White Flies, Mosquitos, Fungus Gnats, Flying Insects,",B08FDN4QLC,Sticky Traps,,,https://www.amazon.com/dp/B08FDN4QLC?psc=1,https://m.media-amazon.com/images/I/61TOi-yt6AL._AC_SY355_.jpg,Garsum,7.19,178,"1,375.98",704,4.4,"54,671",10,75
"12pk GATCH Fruit Fly Trap, Fly Stick for Mosquitoes, Sticky Trap for Flies Gnats Wasp Flying Insects, Bug Catcher, Indoor or Outdoor Use, Ready to Use Home",B0DKWXCJDJ,Sticky Traps,,,https://www.amazon.com/dp/B0DKWXCJDJ?psc=1,https://m.media-amazon.com/images/I/710uCZoVmaL._AC_SY355_.jpg,GATCH,89.99,15,"1,378.76","15,515",4.1,"1,037",7,14
Garsum Fruit Fly Trap Yellow Sticky Fungus Gnat Killer for Indoor and Outdoor Plant,B08FDMXXX2,Sticky Traps,,,https://www.amazon.com/dp/B08FDMXXX2?psc=1,https://m.media-amazon.com/images/I/61QLLf8SCRL._AC_SY355_.jpg,Garsum,7.19,179,"1,414.73",704,4.4,"54,671",5,77
"Flying Insect Trap for Indoors, Bug Killer Light Trap for Fruit Flies, Gnats, Moths, and Houseflies, 1 Device + 4 Refills, Best Fly Traps for Home, Kitchen, Bedroom, Plant Area, Garages",B0DRJSF1ZV,Electric Traps,,,https://www.amazon.com/dp/B0DRJSF1ZV?psc=1,https://m.media-amazon.com/images/I/716QgcO8SgL._AC_SY355_.jpg,WowCatch,18.99,83,"1,417.42","1,536",4.1,"1,994",9,55
6 Pack Magnetism Glue Cards TIENBE Indoor Plug-in Fly Trap Refill Pack for TIENBE Indoor Fly Trap,B0D41KLV3M,Electric Traps,,,https://www.amazon.com/dp/B0D41KLV3M?psc=1,https://m.media-amazon.com/images/I/71Z+MJ+Ir8L._AC_SY355_.jpg,TIENBE,6.99,205,"1,428.26","1,307",4.2,"3,974",7,89
Mosalogic Sticky Card Refill Replacement Glue Cards for Flying Insect Trap Indoor Bug Trapper Fly Zapper-5pack (No Device),B0BG1YJ8PV,Electric Traps,,,https://www.amazon.com/dp/B0BG1YJ8PV?psc=1,https://m.media-amazon.com/images/I/719PQcoo3zL._AC_SY355_.jpg,mosalogic,8.99,161,"1,449.02",759,4.2,"3,182",5,48
"Garsum 36 Pack Fungus Gnat Traps Sticky Fruit Fly Trap Killer for Kitchen Indoor and Outdoor, Insect Fly Traps for House Plants, Whitefly, Mosquito Bits, Flying Insects",B095RHV6QP,Sticky Traps,,,https://www.amazon.com/dp/B095RHV6QP?psc=1,https://m.media-amazon.com/images/I/61n-wdu5+EL._AC_SY355_.jpg,Garsum,7.19,184,"1,452.64",704,4.4,"54,671",8,60
"LULUCATCH Fruit Fly Sticky Traps 12 Pcs, Yellow Sticky Trap, Non-Toxic Gnat Traps Insect Catcher, Super Sticky Fly Traps for Indoor Outdoor Kitchen White Flies Mosquitos Fungus Gnats Flying Insects",B097217VQZ,Sticky Traps,,,https://www.amazon.com/dp/B097217VQZ?psc=1,https://m.media-amazon.com/images/I/71VFL6GWWsL._AC_SY355_.jpg,LULUCATCH,3.99,368,"1,467.73","7,946",4.2,"1,055",7,44
"40 Pack Fly Trap, Fruit Fly Traps for Indoors, Fly Traps Outdoor Hanging, Flying Insect Trap, Fly Strips Tape Paper Ribbon, Gnat Traps for Bug, Insect, Pest, Mosquito, Pink",B0CXDL2DQB,Sticky Traps,,,https://www.amazon.com/dp/B0CXDL2DQB?psc=1,https://m.media-amazon.com/images/I/71eJuJClJXL._AC_SY355_.jpg,Stingmon,10.99,136,"1,494.09","19,406",4.2,"3,710",7,14
Garsum 42 Traps Sticky Houseplant Traps Gnat Yellow Insect Trap Indoor Fruit Fly Stakes Trap,B085GD6JR6,Sticky Traps,,,https://www.amazon.com/dp/B085GD6JR6?psc=1,https://m.media-amazon.com/images/I/71ltzQbuSZL._AC_SY355_.jpg,Garsum,8.99,126,"1,574.24",704,4.4,"54,671",8,65
"LULUCATCH Sticky Fly Traps, 10 Pack Fly Traps Indoor with Hanging Hook, Odorless Yellow Sticky Gnat Traps for Mosquitoes, Non-Toxic Bug Catchers for Fleas, Drain Flies, Moths, Insects",B0DGQ451PL,Sticky Traps,,,https://www.amazon.com/dp/B0DGQ451PL?psc=1,https://m.media-amazon.com/images/I/71hW9nhjlvL._AC_SY355_.jpg,LULUCATCH,8.99,178,"1,600.02","7,943",4.2,"1,055",7,36
"Flying Insect Trap Refills & 6 Cartridges, Compatible with M364A Refill (6 Cartridges)",B0C7M8LPNC,Electric Traps,,,https://www.amazon.com/dp/B0C7M8LPNC?psc=1,https://m.media-amazon.com/images/I/61bTzJyPuJL._AC_SY355_.jpg,Husaco,11.99,150,"1,615.41",949,4.2,"3,207",5,96
"TERRO T518 Fly Magnet, 16 Total, 2 Pack, Sticky Fly Trap Indoor Hanging",B07Q6942LQ,Sticky Traps,,,https://www.amazon.com/dp/B07Q6942LQ?psc=1,https://m.media-amazon.com/images/I/91K2xi4pRCL._AC_SY355_.jpg,Terro,10,162,"1,620.50",911,4.1,"17,791",4,151
"Garsum 36 Pack Fruit Fly Trap Yellow Sticky Fungus Gnat Killer for Indoor and Outdoor Plant Insect Catcher for White Flies, Mosquitos, Fungus Gnats, Flying Insects",B095RN2H2R,Sticky Traps,,,https://www.amazon.com/dp/B095RN2H2R?psc=1,https://m.media-amazon.com/images/I/61dAarCMfrL._AC_SY355_.jpg,Garsum,7.19,206,"1,624.86",704,4.4,"54,671",8,60
"Flying Insect Trap Refills & 16 Cartridges, Compatible with M364A Refill (16 Cartridges)",B0CZNY8Q9R,Electric Traps,,,https://www.amazon.com/dp/B0CZNY8Q9R?psc=1,https://m.media-amazon.com/images/I/61dysl1KHBL._AC_SY355_.jpg,Husaco,24.99,74,"1,648.94",949,4.2,"3,207",5,93
"60 Pack Fruit Fly Trap for Indoors, Gnat Traps for House Indoor, Fungus Gnat Killer Sticky Traps for Plants, Bug Pest Insect Catcher Killer",B095WMNN9N,Sticky Traps,,,https://www.amazon.com/dp/B095WMNN9N?psc=1,https://m.media-amazon.com/images/I/71gCkGAs71L._AC_SY355_.jpg,Stingmon,8.99,194,"1,743.43","1,542",4.6,"13,800",6,38
"Flying Insect Trap, 2 in 1 Indoor Plug-in Fruit Fly Trap, 1 Trap Black and 6 Glue Cards, Fruit Fly Traps for Gnat, Moth, Mosquito, Suitable for Every Part of The Home",B0CZNRLYXX,Electric Traps,,,https://www.amazon.com/dp/B0CZNRLYXX?psc=1,https://m.media-amazon.com/images/I/71Afh1pvNRL._AC_SY355_.jpg,TIENBE,9.99,175,"1,746.63","1,307",4.2,"3,974",8,90
"Gideal 30-Pack Dual-Sided Yellow Sticky Traps for Indoor Outdoor Flying Plant Insect Fungus Gnats, Whiteflies, Aphids, Leafminers, Thrips (6x8 Inches, Included 30pcs Twist Ties)",B085WR3V6K,Sticky traps,,,https://www.amazon.com/dp/B085WR3V6K?psc=1,https://m.media-amazon.com/images/I/71H2s5dXYAL._AC_SY355_.jpg,Gideal,11.49,153,"1,759.48","1,571",4.2,"15,742",7,15
"120 Pack Fruit Fly Trap for Indoors, Fungus Gnat Killer Indoor Sticky Traps for Mosquito and Flying Insects, Bug Pest Insect Catcher Killer for Houseplant",B0BWGXKXDD,Sticky traps,,,https://www.amazon.com/dp/B0BWGXKXDD?psc=1,https://m.media-amazon.com/images/I/81UR16-dsjL._AC_SY355_.jpg,Stingmon,14.99,134,"1,922.01","1,381",4.4,"34,608",9,36
USKICH Sticky Traps Gnat Killer Fruit Fly Traps Non-Toxic and Odorless Fungus Gnat Traps Insect Traps Black Sticky Trap for Indoor and Outdoor Plants（96Pcs Black）,B097K32RNP,Sticky traps,,,https://www.amazon.com/dp/B097K32RNP?psc=1,https://m.media-amazon.com/images/I/61aF+j-tobL._AC_SY355_.jpg,USKICH,12.99,150,"1,953.13","1,968",4.4,"12,808",6,26
"Black Flag Fly Paper, Insect Trap, Catches All Flying Insects 4 Traps",B00AA8X18U,Sticky traps,,,https://www.amazon.com/dp/B00AA8X18U?psc=1,https://m.media-amazon.com/images/I/813jLHa6yJL._AC_SY355_.jpg,Black Flag,1.97,932,"1,989.90","1,330",4.2,"25,697",6,"25,540"
"96 Pack Yellow Fungus Gnat Sticky Traps, Gnat Traps for House Indoor Gnats Killer, House Plant Gnats Bugs Sticky Killer Fruit Fly Traps for Indoor",B08729XDSW,Sticky traps,,,https://www.amazon.com/dp/B08729XDSW?psc=1,https://m.media-amazon.com/images/I/71Hrct2f1lL._AC_SY355_.jpg,Stingmon,11.99,182,"2,176.10","1,542",4.6,"13,800",7,30
"Fruit Fly Traps for Indoors, Plug in Flying Insect Trap with Auto Night Light, Bug Catcher Indoor, Fly Trap Indoor for Fruit Flies, Gnats, Mosquito, Moths (1 Device + 5 Glue Cards)",B0G47K9B63,Electric Traps,,,https://www.amazon.com/dp/B0G47K9B63?psc=1,https://m.media-amazon.com/images/I/61klX0cN-+L._AC_SY355_.jpg,WAYSLA,9.99,212,"2,261.05","61,256",3.4,31,7,5
"60 Pack Fruit Fly Trap, Fungus Gnat Trap Killer Protect Plants Indoor Outdoor, Double Sided Yellow Bug Sticky Traps for Fungus Gnat, Fruit Fly and Other Insects",B08X6YQPVV,Sticky traps,,,https://www.amazon.com/dp/B08X6YQPVV?psc=1,https://m.media-amazon.com/images/I/81DG3rsN+jL._AC_SY355_.jpg,Stingmon,9.99,243,"2,401.27","1,381",4.4,"34,608",7,43
"Kensizer 50-Pack Fruit Fly Trap, Yellow Sticky Gnat Traps Killer for Indoor/Outdoor Flying Plant Insect Like Fungus Gnats, Whiteflies, Aphids, Leaf Miners - 6x8 in, Twist Ties Included",B0DZ252JRN,Sticky traps,,,https://www.amazon.com/dp/B0DZ252JRN?psc=1,https://m.media-amazon.com/images/I/71d+nIM3CeL._AC_SY355_.jpg,Kensizer,17.99,135,"2,425.11","3,110",4.3,"19,098",7,"19,025"
"48 Pack Gnat Traps for House Indoor, Sticky Traps for Gnats Fruit Fly Traps for Indoors Plant Gnat Killer Indoor, Gnat Trap Fungus Gnat Sticky Trap Flies Bug Plant Trap",B091TM13H9,Sticky traps,,,https://www.amazon.com/dp/B091TM13H9?psc=1,https://m.media-amazon.com/images/I/71SBd1K-qfL._AC_SY355_.jpg,Stingmon,8.59,293,"2,480.98","1,381",4.4,"34,608",9,43
"150 Pack Window Fly Trap, Fruit Fly Traps Indoors, Fly Paper Sticky Strips, Fly Traps for Indoors Clear",B0FDG84WGJ,Sticky traps,,,https://www.amazon.com/dp/B0FDG84WGJ?psc=1,https://m.media-amazon.com/images/I/61qVR9Z31rL._AC_SY355_.jpg,LFSYS,26.99,93,"2,500.18",514,4.7,"7,280",6,79
"Catchmaster Window Fly Traps 12-Pack XL, Fruit Fly Traps for Indoors, Disposable Bulk Bug Catcher, Waterproof Insect Glue Trap, Adhesive Fly Strips, Pest Control for Home, Kitchen, & Garage",B09KMGP3KC,Sticky traps,,,https://www.amazon.com/dp/B09KMGP3KC?psc=1,https://m.media-amazon.com/images/I/81U-tFX7ZiL._AC_SY355_.jpg,Catchmaster,23.99,107,"2,567.47","1,819",4.5,"19,950",6,8
"Fruit Fly Trap for Indoors, Fly Traps for Home Gnat Traps House Indoor, Indoor Insect Trap with Time Setting, 10 Sticky Glue Boards (Pink)",B0FF1R4YXY,Electric Traps,,,https://www.amazon.com/dp/B0FF1R4YXY?psc=1,https://m.media-amazon.com/images/I/71DgMgLKULL._AC_SY355_.jpg,FVOAI,35.99,74,"2,575.02","3,992",4.2,"3,231",7,16
"Safer Home Indoor Plug-in Fly Trap - SH502-2R7SR - Effective Fruit Fly Traps for Indoors, Gnat Traps for House Indoor, 400 Sq Ft Protection - Style: 2 Devices + 7 Glue Cards",B0DK2FSKYY,Electric Traps,,,https://www.amazon.com/dp/B0DK2FSKYY?psc=1,https://m.media-amazon.com/images/I/81dsiLpHMjL._AC_SY355_.jpg,Safer,22.26,122,"2,731.40","3,092",4.5,"1,744",8,53
"Super Ninja Fungus Gnat Traps - 60 Pack, Highly Effective Gnat Traps for House Indoor, Yellow Sticky Trap for Plants, Non-Toxic & Nature-Friendly, Up to 3 Months",B0D7MDHWT9,Sticky traps,,,https://www.amazon.com/dp/B0D7MDHWT9?psc=1,https://m.media-amazon.com/images/I/916GYPs+m4L._AC_SY355_.jpg,Super Ninja,8.99,326,"2,929.11","1,006",4.4,"1,072",8,80
"VEYOFLY Fly Trap Indoor, Fruit Fly Traps for Indoors, (4 Device + 12 Refills) Gnat Traps for House Indoor, Fly Catcher Indoor, Plug in Light Flying Insect Trap, Bug Light Killer, Fly Trap",B0C5V2JH77,Electric Traps,,,https://www.amazon.com/dp/B0C5V2JH77?psc=1,https://m.media-amazon.com/images/I/81QYGg3yd1L._AC_SY355_.jpg,VEYOFLY,39.97,74,"2,972.71",505,4.1,"9,385",9,100
"VEYOFLY Fly Trap Indoor Refill, Fruit Fly Traps for Indoors, Gnat Traps for House Indoor, Fly Catcher, Fly Trap, Plug in Catch for Fruit Flies, Moths, Gnats, Mosquito Trap (Pack of 5 Refills-Black)",B0C5V24J81,Electric Traps,,,https://www.amazon.com/dp/B0C5V24J81?psc=1,https://m.media-amazon.com/images/I/81J0sTuWjUL._AC_SY355_.jpg,VEYOFLY,15.97,188,"3,002.84",505,4.1,"9,385",6,100
"GATCH Fruit Fly Trap (3 Pack), Fly Stick for Mosquitoes, Sticky Trap for Flies Gnats Wasp Flying Insects, Bug Catcher, Indoor or Outdoor Use, Ready to Use Home",B0CPBHB4RS,Sticky Traps,,,https://www.amazon.com/dp/B0CPBHB4RS?psc=1,https://m.media-amazon.com/images/I/81uv7TFuVzL._AC_SY355_.jpg,GATCH,12.99,242,"3,145.74","15,515",4.1,"1,037",7,14
"Flying Insect Trap, 2 in 1 Indoor Plug-in Fruit Fly Trap, 2 Trap White and 12 Glue Cards, Fruit Fly Traps for Gnat, Moth, Mosquito, Suitable for Every Part of The Home",B0CZNRSQHG,Electric Traps,,,https://www.amazon.com/dp/B0CZNRSQHG?psc=1,https://m.media-amazon.com/images/I/711ayW93bnL._AC_SY355_.jpg,TIENBE,19.99,164,"3,272.83","1,307",4.2,"3,974",8,90
"48 Pcs 4 Shapes Yellow Extremely Sticky Traps for Fungus Gnat, Fruit Fly, Fly, Whitefly, Flying Insect Catcher Traps for Houseplants, Kitchen, Indoor/Outdoor, Non-Toxic, Odorless, Pet & Kid Safe",B0B1D4X1FG,Sticky Traps,,,https://www.amazon.com/dp/B0B1D4X1FG?psc=1,https://m.media-amazon.com/images/I/71F2jXGs+mL._AC_SX355_.jpg,YourDaDa,6.49,517,"3,348.16","1,429",4.5,"7,031",7,41
"VEYOFLY Fly Trap Indoor, Fruit Fly Traps for Indoor, (1 Device + 3 Refills) Gnat Traps for House, Fly Catcher, Plug in Light Flying Insect Trap, Bug Light Killer, Fly Trap",B0C5V15N2Z,Electric Traps,,,https://www.amazon.com/dp/B0C5V15N2Z?psc=1,https://m.media-amazon.com/images/I/81lY8lULmZL._AC_SY355_.jpg,VEYOFLY,15.97,223,"3,555.38",505,4.1,"9,385",9,100
"30 Pack Yellow Sticky Traps Fruit Fly Trap, Double-Sided Fungus Gnat Trap Insects Pest Killer for Outdoor Indoor",B08G4N16LR,Sticky Traps,,,https://www.amazon.com/dp/B08G4N16LR?psc=1,https://m.media-amazon.com/images/I/716d7dT-xuL._AC_SY355_.jpg,Dwcom Trap,12.49,287,"3,582.57",615,4.5,"10,961",8,53
"Fly Trap Indoor 1 Pack and 3 Refills Glue Cards – Flying Insect Trap, Fruit Fly & Gnat Trap for Indoor Use, Quiet Bug Catcher for Mosquitoes, Flies & Flying Insects",B0G3NGXFXF,Electric Traps,,,https://www.amazon.com/dp/B0G3NGXFXF?psc=1,https://m.media-amazon.com/images/I/71T1x3+-ptL._AC_SY355_.jpg,Forhimn,18.99,189,"3,587.73","7,786",4.6,49,6,2
Trappify Hanging Fly Traps Outdoor: Fruit Fly Traps for Indoors | Gnat Trap | Gnat Traps for House Indoor | Fly Trap Indoor - Disposable Sticky Fly Trap for Indoor House Pest Control (8 Pack),B087CH7JK8,Sticky Traps,,,https://www.amazon.com/dp/B087CH7JK8?psc=1,https://m.media-amazon.com/images/I/71iPJolo0lL._AC_SY355_.jpg,Trappify,33.99,107,"3,628.25","4,264",4.2,"5,662",8,33
"120 Pack Fungus Gnat Traps for House Indoor, Fungus Traps Fruit Fly Traps for Indoors Gnats Sticky Traps for Plants Yellow Sticky Traps for Gnats",B08B5VJY5G,Sticky Traps,,,https://www.amazon.com/dp/B08B5VJY5G?psc=1,https://m.media-amazon.com/images/I/81WSQ+cFLaL._AC_SY355_.jpg,Dwcom Trap,17.99,214,"3,854.97",615,4.5,"10,961",8,63
"Catchmaster Fly Ribbon 96-Pack, Bug & Fruit Fly Traps Outdoor and Indoor, Premium Adhesive Sticky Fly Strips & Gnat Hanging Strips, Bulk Flying Insect Paper Rolls, Pesticide-Free Home Pest Control",B0CFRN76MY,Sticky Traps,,,https://www.amazon.com/dp/B0CFRN76MY?psc=1,https://m.media-amazon.com/images/I/91v1K+O5PNL._AC_SY355_.jpg,Catchmaster,43.49,90,"3,913.23","4,721",4,"12,845",5,15
"Raid Essentials Flying Insect Light Trap Starter Kit, 2 Plug-In Devices + 2 Cartridges, Featuring Light Powered Attraction",B0BF751CGY,Electric Traps,,,https://www.amazon.com/dp/B0BF751CGY?psc=1,https://m.media-amazon.com/images/I/816cXGxNf8L._AC_SY355_.jpg,Raid,28.79,134,"3,992.20","11,874",3.9,"5,954",9,10
"VEYOFLY Fly Trap Indoor, Fruit Fly Traps for Indoors, (2 Device + 6 Refills) Gnat Traps for House Indoor, Fly Catcher Indoor, Plug in Light Flying Insect Trap, Bug Light Killer, Fly Trap",B0C5V1BX4Q,Electric Traps,,,https://www.amazon.com/dp/B0C5V1BX4Q?psc=1,https://m.media-amazon.com/images/I/71uKGIJq-QL._AC_SY355_.jpg,VEYOFLY,25.97,155,"4,022.66",505,4.1,"9,385",9,110
"12 Refill Glue Cards for Indoor Flying Insect Trap – Sticky Pads for Capturing Fruit Flies, Gnats, Moths, and Houseflies",B0FLXXZFKL,Electric Traps,,,https://www.amazon.com/dp/B0FLXXZFKL?psc=1,https://m.media-amazon.com/images/I/61zwaIyXlhL._AC_SY355_.jpg,Forhimn,9.99,413,"4,124.66","7,786",4.6,49,4,2
Trappify Hanging Fly Traps Outdoor: Fruit Fly Traps for Indoors | Gnat Trap | Gnat Traps for House Indoor | Fly Trap Indoor - Disposable Sticky Fly Trap for Indoor House Pest Control (4 Pack),B087CGT6ST,Sticky Traps,,,https://www.amazon.com/dp/B087CGT6ST?psc=1,https://m.media-amazon.com/images/I/7104ZyW8Z9L._AC_SY355_.jpg,Trappify,18.99,225,"4,278.87","4,267",4.2,"5,662",9,33
YISSVIC 20W Indoor Bug Zapper Electric Fruit Fly Traps for Indoors Mosquito Zapper Electric Fly Zapper Moth Gnat Insect Killer for Home Office Garage Kitchen Dining Living Room (White),B0F4XFCBF8,Electric Traps,,,https://www.amazon.com/dp/B0F4XFCBF8?psc=1,https://m.media-amazon.com/images/I/71rSM9j7jjL._AC_SY355_.jpg,YISSVIC,35.99,143,"4,408.95","28,830",4.2,109,9,4
12 Pack Magnetism Glue Cards TIENBE Indoor Plug-in Fly Trap Refill Pack for TIENBE Indoor Fly Trap,B0D41K2MC3,Electric Traps,,,https://www.amazon.com/dp/B0D41K2MC3?psc=1,https://m.media-amazon.com/images/I/71LoUNeTLfL._AC_SY355_.jpg,TIENBE,9.99,456,"4,549.86","1,307",4.2,"3,974",7,89
"VEYOFLY (Starter Kit) Fly Catcher Indoor, Fly Trap, (2 Device + 6 Refills) Fruit Fly Traps for Indoors, Gnat Traps for House Indoor, Bug Killer, Fly Trap, Plug in Light Flying Insect Trap",B0BZTJMV2F,Electric Traps,,,https://www.amazon.com/dp/B0BZTJMV2F?psc=1,https://m.media-amazon.com/images/I/71KvWYUHKEL._AC_SX355_.jpg,VEYOFLY,29.97,164,"4,575.52","2,185",4.1,"6,083",9,41
"Safer Brand Home SH5026 Houseplant Sticky Stake Insect Traps for Indoor Plants - 16 Traps Included - Controls Aphids, Whiteflies, Fruit Flies, Fungus Gnats, and Other Insects",B0BXLZQDHZ,Sticky Traps,,,https://www.amazon.com/dp/B0BXLZQDHZ?psc=1,https://m.media-amazon.com/images/I/71bf+gyB4KL._AC_SY355_.jpg,Safer,8.97,541,"4,849.12","4,401",4.4,"15,217",8,2
"Safer Brand Home SH5026-3SR Houseplant Sticky Stake Insect Traps for Indoor Plants - 48 Traps Included - Controls Aphids, Whiteflies, Fruit Flies, Fungus Gnats, and Other Insects",B0C24N2658,Sticky Traps,,,https://www.amazon.com/dp/B0C24N2658?psc=1,https://m.media-amazon.com/images/I/71IGInRJW7L._AC_SY355_.jpg,Safer,15.55,314,"4,887.59","4,404",4.4,"15,217",8,3
"40 Rolls Fruit Fly Traps for Indoors, Fly Trap, Fly Trap Indoor for Home, Fly Traps Outdoor, Sticky Fly Strips, Fly Glue Paper Tape Catcher Ribbon for Gnat Fungus Fruit Flies",B08BC3QZ5K,Sticky Traps,,,https://www.amazon.com/dp/B08BC3QZ5K?psc=1,https://m.media-amazon.com/images/I/810mcQ1EmRL._AC_SY355_.jpg,Stingmon,11.99,420,"5,030.22","19,408",4.2,"3,710",7,7
"VEYOFLY Gnat Traps for House Indoor Refill, Fly Trap Indoor, Fruit Fly Traps for Indoors, Fly Catcher Indoor, Fly Trap, Plug in Catch for Fruit Flies, Moths, Gnats, Mosquito Trap (Pack of 5 Refills)",B0BXRT4KVW,Electric Traps,,,https://www.amazon.com/dp/B0BXRT4KVW?psc=1,https://m.media-amazon.com/images/I/61V3cNOO4qL._AC_SX355_.jpg,VEYOFLY,14.97,338,"5,053.81","2,185",4.1,"6,083",7,41
"Catchmaster Window Fly Traps 96-Pack, Fruit Fly Traps for Indoors, Disposable Bulk Bug Catcher, Waterproof Insect Glue Trap, Adhesive Strips, Pest Control for Home, Kitchen, & Garage",B01N02XQ2U,Sticky Traps,,,https://www.amazon.com/dp/B01N02XQ2U?psc=1,https://m.media-amazon.com/images/I/8155feSaOaL._AC_SY355_.jpg,Catchmaster,39.99,127,"5,070.01","1,819",4.5,"19,950",6,10
"40 Pack Fungus Gnat Traps for House Indoor, Fungus Traps Fruit Fly Traps for Indoors Gnats Sticky Traps for Plants Yellow Sticky Traps for Gnats",B08B5W3F9M,Sticky Traps,,,https://www.amazon.com/dp/B08B5W3F9M?psc=1,https://m.media-amazon.com/images/I/71ls+1wB7uL._AC_SY355_.jpg,Dwcom Trap,8.99,571,"5,126.23",615,4.5,"10,961",8,63
"Flying Insect Trap Refills & 8 Cartridges, Compatible with M364A Refill (8 Cartridges)",B0C7M6YY1B,Electric Traps,,,https://www.amazon.com/dp/B0C7M6YY1B?psc=1,https://m.media-amazon.com/images/I/61tQ9gdGw3L._AC_SY355_.jpg,Husaco,13.99,425,"5,154.38",949,4.2,"3,207",5,93
"Gideal 50-Pack Dual-Sided Yellow Sticky Traps for Flying Plant Insect Fungus Gnats Whiteflies Aphids Leafminers Thrips (6x8 Inches, Included 50pcs Twist Ties)",B0BYMSNGBJ,Sticky Traps,,,https://www.amazon.com/dp/B0BYMSNGBJ?psc=1,https://m.media-amazon.com/images/I/71cjgMThqoL._AC_SX355_.jpg,Gideal,16.99,311,"5,281.13","1,571",4.2,"15,742",7,12
"Catchmaster Window Fly Traps 48-Pack, Fruit Fly Traps for Indoors, Disposable Bulk Bug Catcher, Waterproof Insect Glue Trap, Adhesive Strips, Pest Control for Home, Kitchen, & Garage",B008JVIHDO,Sticky Traps,,,https://www.amazon.com/dp/B008JVIHDO?psc=1,https://m.media-amazon.com/images/I/81lkFMB77FL._AC_SY355_.jpg,Catchmaster,29.99,178,"5,332.18","1,819",4.5,"19,950",6,7
"VEYOFLY Fly Trap Indoor Refill, Fruit Fly Traps for Indoors, Gnat Traps for House Indoor, Fly Catcher, Fly Trap, Plug in Catch for Fruit Flies, Moths, Gnats, Mosquito Trap (Pack of 15 Refills)",B0BHN2YLRR,Electric Traps,,,https://www.amazon.com/dp/B0BHN2YLRR?psc=1,https://m.media-amazon.com/images/I/71bXUVvgdQL._AC_SY355_.jpg,VEYOFLY,34.97,162,"5,676.26",505,4.1,"9,385",5,100
"VEYOFLY Fly Trap Indoor, Fruit Fly Traps for Indoors, (1 Device + 3 Refills) Gnat Traps for House Indoor, Fly Catcher Indoor, Plug in Light Flying Insect Trap, Bug Light Killer, Fly Trap",B0C2FCKJRM,Electric Traps,,,https://www.amazon.com/dp/B0C2FCKJRM?psc=1,https://m.media-amazon.com/images/I/81ohkJheEzL._AC_SY355_.jpg,VEYOFLY,16.97,351,"5,950.92",505,4.1,"9,385",8,110
Garsum 21 Traps Sticky Houseplant Traps Gnat Yellow Insect Trap Indoor Fruit Fly Stakes Trap,B085GCX9H6,Sticky Traps,,,https://www.amazon.com/dp/B085GCX9H6?psc=1,https://m.media-amazon.com/images/I/81WrxLX8TOL._AC_SY355_.jpg,Garsum,8.09,683,"6,085.53",704,4.4,"54,671",8,65
"VEYOFLY Fly Catcher Indoor, Fly Trap Indoor, (1 Device + 3 Refills) Fruit Fly Traps for Indoors, Gnat Traps for House Indoor, Bug Killer, Fly Trap, Plug in Light Flying Insect Trap",B0BJ1LXR8B,Electric Traps,,,https://www.amazon.com/dp/B0BJ1LXR8B?psc=1,https://m.media-amazon.com/images/I/71HemolPcLL._AC_SX355_.jpg,VEYOFLY,16.97,439,"6,599.68","2,185",4.1,"6,083",9,41
"USKICH Sticky Trap Fruit Fly and Gnat Trap Sticky Bug Traps Fungus Traps for Indoor/Outdoor Insect Catcher for White Flies, Mosquitoes, Fungus Gnats, Lying Insects (24 Pcs Black)",B097JW17X5,Sticky Traps,,,https://www.amazon.com/dp/B097JW17X5?psc=1,https://m.media-amazon.com/images/I/61ppQrUji4L._AC_SY355_.jpg,USKICH,5.19,"1,331","6,908.38","1,968",4.4,"12,808",7,25
Mosalogic Fly Insect Trap Plug-in Mosquito Killer Indoor Gnat Moth Catcher Fly Tapper with Night Light UV Attractant Catcher for Home Office White-2pack,B0BR4PZL74,Electric Traps,,,https://www.amazon.com/dp/B0BR4PZL74?psc=1,https://m.media-amazon.com/images/I/614KFUPdTxL._AC_SY355_.jpg,mosalogic,39.99,194,"7,058.34","7,401",3.8,"9,823",8,13
"VEYOFLY Fly Trap Indoor, Fruit Fly Traps for Indoors, (4 Device + 12 Refills) Gnat Traps for House Indoor, Fly Catcher Indoor, Plug in Light Flying Insect Trap, Bug Light Killer, Fly Trap",B0C3LHD9SD,Electric Traps,,,https://www.amazon.com/dp/B0C3LHD9SD?psc=1,https://m.media-amazon.com/images/I/81XMMAylHkL._AC_SY355_.jpg,VEYOFLY,49.97,148,"7,416.91",505,4.1,"9,385",9,100
"35XL Pack Window Fly Trap, Fruit Fly Traps for Indoors, Fly Trap Indoor Clear, Fly Paper Sticky Strips",B0DQV5JGFK,Sticky Traps,,,https://www.amazon.com/dp/B0DQV5JGFK?psc=1,https://m.media-amazon.com/images/I/61Pxg91kuyL._AC_SY355_.jpg,LFSYS,9.99,749,"7,477.87",514,4.7,"7,280",7,85
"STEM Flying Insect Light Trap Refill Cartridges, Indoor Fruit Fly Trap, Insecticide-Free Pest Control for Home, Attracts and Traps Insects, Official STEM Refills - 8 Count",B0F2F4TGCZ,Electric Traps,,,https://www.amazon.com/dp/B0F2F4TGCZ?psc=1,https://m.media-amazon.com/images/I/7167+gEA2cL._AC_SY355_.jpg,STEM,31.88,283,"7,555.32",758,4.7,"1,125",9,N/A
"40 Pcs 5 Shapes Yellow Extremely Sticky Traps for Fungus Gnat, Fruit Fly, Fly, Whitefly, Flying Insect Catcher Traps for Houseplants, Kitchen, Indoor/Outdoor, Non-Toxic, Odorless, Pet and Kid Safe",B09X3NMTK9,Sticky Traps,,,https://www.amazon.com/dp/B09X3NMTK9?psc=1,https://m.media-amazon.com/images/I/7105XWXobxL._AC_SY355_.jpg,YourDaDa,5.99,"1,374","8,218.73","1,429",4.5,"7,031",7,55
"Flying Insect Trap, 2 in 1 Indoor Plug-in Fruit Fly Trap, 1 Trap White and 6 Glue Cards, Fruit Fly Traps for Gnat, Moth, Mosquito, Suitable for Every Part of The Home",B0CZNQ53H4,Electric Traps,,,https://www.amazon.com/dp/B0CZNQ53H4?psc=1,https://m.media-amazon.com/images/I/718sq3hBKmL._AC_SY355_.jpg,TIENBE,9.99,843,"8,409.04","1,307",4.2,"3,974",8,90
"VEYOFLY Gnat Traps for House Indoor Refill, Fly Trap Indoor, Fruit Fly Traps for Indoors, Fly Catcher Indoors, Fly Trap, Plug in Catch for Fruit Flies, Moths, Gnats, Mosquito Trap (Pack of 10 Refills)",B0BXRL9V9Q,Electric Traps,,,https://www.amazon.com/dp/B0BXRL9V9Q?psc=1,https://m.media-amazon.com/images/I/61ty0GYh7FL._AC_SX355_.jpg,VEYOFLY,25.99,361,"9,373.25","2,183",4.1,"6,083",7,41
"Catchmaster Window Fly Traps 12-Pack, Fruit Fly Traps for Indoors, Disposable Bulk Bug Catcher, Waterproof Insect Glue Trap, Adhesive Strips, Pest Control for Home, Kitchen, & Garage",B001QBPP66,Sticky Traps,,,https://www.amazon.com/dp/B001QBPP66?psc=1,https://m.media-amazon.com/images/I/81Tyx9GraaL._AC_SY355_.jpg,Catchmaster,10.99,902,"9,906.18","1,819",4.5,"19,950",6,5
Mosalogic Sticky Card Plug Refill Replacement Glue Cards for Flying Insect Trap Indoor-10pack (No Device),B094TRFBZX,Electric Traps,,,https://www.amazon.com/dp/B094TRFBZX?psc=1,https://m.media-amazon.com/images/I/81nNHIzwW4L._AC_SY355_.jpg,mosalogic,10.99,901,"10,130.38",759,4.2,"3,182",7,59
"54 Pack Fruit Fly Trap for Indoor, Gnat Traps for House Indoor, Fungus Gnat Killer Sticky Traps for Plants, Mosquitoes, Flying Insects",B07XLL463B,Sticky Traps,,,https://www.amazon.com/dp/B07XLL463B?psc=1,https://m.media-amazon.com/images/I/71KoGJ1ceuL._AC_SY355_.jpg,Stingmon,7.99,"1,304","10,394.23","1,542",4.6,"13,800",9,30
Mosalogic Fruit Fly Traps for Indoors Gnat Trap for House Indoor-600 Sqft Protection Area UV Fly Insect Trapper for Fruit Flies，Gnats，Mosquito，and Other Flying Insect Plug-in Bug Killer White 2Pack,B0DLNGMDFG,Electric Traps,,,https://www.amazon.com/dp/B0DLNGMDFG?psc=1,https://m.media-amazon.com/images/I/81jyR75YVPL._AC_SY355_.jpg,mosalogic,28.99,371,"10,741.96",759,4.2,"3,182",7,48
"TERRO T518 Fly Magnet Indoor Housefly, 8 Count Pack, Sticky Fly Trap Indoor Hanging",B076QL793Y,Sticky Traps,,,https://www.amazon.com/dp/B076QL793Y?psc=1,https://m.media-amazon.com/images/I/813KZlThiEL._AC_SY355_.jpg,Terro,5.89,"1,819","10,851.11",911,4.1,"17,791",9,"17,784"
"Black Flag Fly Stick, Trap Houseflies and Flying Insects, Pack of 6",B00IMHL9JO,Sticky Traps,,,https://www.amazon.com/dp/B00IMHL9JO?psc=1,https://m.media-amazon.com/images/I/71qgmhUgEBL._AC_SY355_.jpg,Black Flag,20.57,574,"11,786.16","1,330",4.2,"25,697",8,26
"Zevo MAX Bug Catcher & Fly Trap for Indoors - Flying Insect Trap for Gnats, House & Fruit Flies - Use in Any Room - No-Mess Disposal (2 Plug in Bases & 4 Cartridges)",B0CTQ5TSYB,Electric Traps,,,https://www.amazon.com/dp/B0CTQ5TSYB?psc=1,https://m.media-amazon.com/images/I/611gCcZ+1vL._AC_SY355_.jpg,ZEVO,69.99,181,"12,402.79","1,665",4.1,"5,401",9,49
"VEYOFLY Fly Trap Indoor Refill, Fruit Fly Traps for Indoors, Gnat Traps for House, Fly Catcher, Fly Trap, Plug in Catch for Fruit Flies, Moths, Gnats, Mosquito Trap (Pack of 5 Refills)",B0BDST8YVQ,Electric Traps,,,https://www.amazon.com/dp/B0BDST8YVQ?psc=1,https://m.media-amazon.com/images/I/81J64HZv2tL._AC_SY355_.jpg,VEYOFLY,14.97,831,"12,436.08",505,4.1,"9,385",7,129
"Gideal 20-Pack Dual-Sided Yellow Sticky Traps for Flying Plant Insect Such as Fungus Gnats, Whiteflies, Aphids, Leafminers, Thrips - (6x8 Inches, Included 20pcs Twist Ties)",B07QKLHH5X,Sticky Traps,,,https://www.amazon.com/dp/B07QKLHH5X?psc=1,https://m.media-amazon.com/images/I/71vwIwMvYqL._AC_SY355_.jpg,Gideal,7.99,"1,605","12,807.88","1,571",4.2,"15,742",7,15
"Zevo MAX Bug Catcher & Fly Trap for Indoors - Flying Insect Trap for Gnats, House & Fruit Flies - Use in Any Room - No-Mess Disposal (2 Plug in Bases & 3 Cartridges)",B0CTQDRPJN,Electric Traps,,,https://www.amazon.com/dp/B0CTQDRPJN?psc=1,https://m.media-amazon.com/images/I/71u9LLmjB2L._AC_SY355_.jpg,ZEVO,49.05,261,"12,971.13","1,665",4.1,"5,401",9,49
"Zevo MAX Bug Catcher & Fly Trap for Indoors - Flying Insect Trap for Gnats, House & Fruit Flies - Use in Any Room - No-Mess Disposal (1 Plug in Base & 6 Cartridges)",B0CTQH1Q83,Electric Traps,,,https://www.amazon.com/dp/B0CTQH1Q83?psc=1,https://m.media-amazon.com/images/I/61P9-aEJEqL._AC_SY355_.jpg,ZEVO,46.99,296,"13,895.17","1,665",4.1,"5,401",9,49
"100 Pack Window Fly Trap, Fruit Fly Traps for Indoors, Fly Paper Sticky Strips, Fly Traps for Indoors Bug Catcher Clear",B09GVV3QB8,Sticky Traps,,,https://www.amazon.com/dp/B09GVV3QB8?psc=1,https://m.media-amazon.com/images/I/61xcfDiPqZL._AC_SY355_.jpg,LFSYS,18.99,750,"14,238.53",514,4.7,"7,280",7,85
"Safer Home Indoor Plug-in Fly Trap - SH502-2R4SR - Effective Fruit Fly Traps for Indoors, Gnat Traps for House Indoor, 400 Sq Ft Protection - Style: 2 Devices + 4 Glue Cards",B0DK2DSCQ2,Electric Traps,,,https://www.amazon.com/dp/B0DK2DSCQ2?psc=1,https://m.media-amazon.com/images/I/817nS1xaxXL._AC_SY355_.jpg,Safer,19.46,748,"14,682.65","3,090",4.5,"1,744",9,53
"Super Ninja Fungus Gnat Traps - 30 Pack, Highly Effective Gnat Traps for House Indoor, Yellow Sticky Trap for Plants, Non-Toxic & Nature-Friendly, Up to 3 Months",B0D7MFCFX1,Sticky Traps,,,https://www.amazon.com/dp/B0D7MFCFX1?psc=1,https://m.media-amazon.com/images/I/91WeaNgxpIL._AC_SY355_.jpg,Super Ninja,6.99,"2,406","16,792.94","1,006",4.4,"1,072",7,80
"Garsum Fruit Fly Sticky Trap for Indoor and Outdoor, 36 Pack Fungus Gnat Killer for Houseplant, Mosquitos, Flying Insect, White Flies",B07ZSC4CK1,Sticky Traps,,,https://www.amazon.com/dp/B07ZSC4CK1?psc=1,https://m.media-amazon.com/images/I/71JBRKVfbTL._AC_SY355_.jpg,Garsum,7.98,"2,281","18,203.95",704,4.4,"54,671",9,76
"STEM Flying Insect Light Trap Refill Cartridges, Indoor Fruit Fly Trap, Insecticide-Free Pest Control for Home, Attracts and Traps Insects, Official STEM Refills - 4 Count",B0DSQSMG1W,Electric Traps,,,https://www.amazon.com/dp/B0DSQSMG1W?psc=1,https://m.media-amazon.com/images/I/81oe5yYDGoL._AC_SY355_.jpg,STEM,13.31,"1,413","18,993.29",758,4.7,"1,125",11,N/A
"Fruit Fly Trap for Indoors, Fly Traps Indoor for Home Indoor Insect Trap with Suction, Time Setting, Bug Light & 10 Pcs Sticky Glue Boards (White)",B0F8HSB155,Electric Traps,,,https://www.amazon.com/dp/B0F8HSB155?psc=1,https://m.media-amazon.com/images/I/71CTf+NOmDL._AC_SY355_.jpg,FVOAI,35.99,547,"19,058.24","3,992",4.2,"3,231",6,16
"VEYOFLY Fly Trap Indoor, Fruit Fly Traps for Indoors Flying Insect (2 Device + 6 Refills) Gnat Traps for House Indoor, Bug Zapper Indoor, Gnat Killer Catcher & Fruit Fly Killer Light Plug in",B0BDT4XZR4,Electric Traps,,,https://www.amazon.com/dp/B0BDT4XZR4?psc=1,https://m.media-amazon.com/images/I/81xDZIWTPHL._AC_SY355_.jpg,VEYOFLY,29.97,788,"23,613.16",505,4.1,"9,385",9,"9,374"
"VEYOFLY Fly Trap Indoor Refill, Fruit Fly Traps for Indoors, Gnat Traps for House, Fly Catcher, Fly Trap, Plug in Catch for Fruit Flies, Moths, Gnats, Mosquito Trap (Pack of 10 Refills)",B0BHKH97P2,Electric Traps,,,https://www.amazon.com/dp/B0BHKH97P2?psc=1,https://m.media-amazon.com/images/I/712OGDkepiL._AC_SY355_.jpg,VEYOFLY,25.97,921,"23,902.28",505,4.1,"9,385",8,100
"Safer Home SH506 Trap Refill Pack of Glue Cards for SH502 Indoor Fly Trap, Official Safer Home Refills with StickyTech Glue Card Technology, 6 Count (Pack of 1)",B0CQ8PDR5G,Electric Traps,,,https://www.amazon.com/dp/B0CQ8PDR5G?psc=1,https://m.media-amazon.com/images/I/711wbc60vYL._AC_SY355_.jpg,Safer,10.67,"2,699","31,664.81",41,4.5,"19,595",10,256
"40 Pack Fungus Gnat Traps for House Indoor Yellow Sticky Traps for Gnats Sticky Traps for Plants, Dual-Sided Fungus Gnat Sticky Traps Fruit Fly Traps for Indoors",B08B5VSV97,Sticky Traps,,,https://www.amazon.com/dp/B08B5VSV97?psc=1,https://m.media-amazon.com/images/I/71MBUsqtKLL._AC_SY355_.jpg,Dwcom Trap,7.99,"4,116","32,507.64",615,4.5,"10,961",8,63
Zevo Bug Trap Refill Cartridges – 8 Pack for Indoor Flying Insects,B0GHPX7SGC,Electric Traps,,,https://www.amazon.com/dp/B0GHPX7SGC?psc=1,https://m.media-amazon.com/images/I/61Hg9L0+kWL._AC_SX355_.jpg,ZEVO,65.99,576,"37,986.95",11,4.2,"76,295",1,260
"Safer Home SH503 Trap Refill Pack of Glue Cards for SH502 Indoor Fly Trap, Official Safer Home Refills with StickyTech Glue Card Technology, 3 Count (Pack of 1)",B09T3SZ79V,Electric Traps,,,https://www.amazon.com/dp/B09T3SZ79V?psc=1,https://m.media-amazon.com/images/I/71XG3dmPkGL._AC_SY355_.jpg,Safer,5.94,"6,146","42,423.52",41,4.5,"19,595",12,243
"Safer Home SH512 Trap Refill Pack of Glue Cards for SH502 Indoor Fly Trap, Official Safer Home Refills with StickyTech Glue Card Technology, 12 Count (Pack of 1)",B0CQ8RW79V,Electric Traps,,,https://www.amazon.com/dp/B0CQ8RW79V?psc=1,https://m.media-amazon.com/images/I/71TsSqvn0rL._AC_SY355_.jpg,Safer,19.99,"2,485","47,209.10",41,4.5,"19,595",9,241
"Zevo Flying Bug Trap Value Pack, 2 Devices and 6 Replacement Cartridges",B0GJG977BD,Electric Traps,,,https://www.amazon.com/dp/B0GJG977BD?psc=1,https://m.media-amazon.com/images/I/71gYy434tQL._AC_SY355_.jpg,ZEVO,119.99,473,"56,722.48",11,4.2,"76,295",5,523
"Zevo Flying Insect Trap & 3 Refill Cartridges - Plug in Fly Trap & Indoor Bug Catcher for Gnats, House & Fruit Flies - Blue & UV Light Technology, Mess-Free Alternative to Bug Zapper",B0CKY689WQ,Sticky Traps,,,https://www.amazon.com/dp/B0CKY689WQ?psc=1,https://m.media-amazon.com/images/I/81pLRSo+c1L._AC_SX355_.jpg,ZEVO,25.96,"11,008","275,121.41",11,4.2,"76,296",9,699
